Timeline,Start time,Duration,Row,Instance number,<flag>.,Adversaire,Contexte,Corner Taken,Date,Event,HALF TIME,Half,Journée,Lieu,MINUTE,Pass,Player,Pourcentage,Qualite,Score final,TIME PERIOD,Team,Type action,Zone,✅,🔸[DSP],🔸[OP] --> 🔹[IP],🔸[OP] Box Defence,🔸[OP] Restart Phase,🔸[OP] Zonal Defence,🔹[IP] Restart Phase,🔹[IP]--> 🔸[OP],🔹[OSP],Ungrouped,Notes,Flags
251015_Chelsea_Sunderland_ANALYST,0.0,27.00981859410431,🔹[OSP] Kick-off✅,0,,,,,,,,,,,,,,,,,,,,,,,,,,,,,,✅,,.
251015_Chelsea_Sunderland_ANALYST,0.0,13.809884824600132,🔹[OSP] Attacking Free Kick(3-men)✅✅,0,,,,,,,,,,,,,,,,,,,,,,,,,,,,,,,,.
251015_Chelsea_Sunderland_ANALYST,0.0,14.970088082796366,"🔸🔹Defensive Transition(post freekick, mid regain)✅",0,,,,,,,,,,,,,,,,,,,,,,,Fast Attack,,,,,,,,,.
251015_Chelsea_Sunderland_ANALYST,0.0,33.584057157092175,"🔹[IP4] Attacking Phase(LTriangle, IB, counter-press)✅🔎",0,,,,,,,,,,,,,,,,,,,,,,,,,,,,,,,,.
251015_Chelsea_Sunderland_ANALYST,0.0,43.80329422799562,"🔸[OP2] High Press(easy triangle, back in the shape)🚧",0,,,,,,,,,,,,,,,,,,,,,,,,,,,,,,,,.
251015_Chelsea_Sunderland_ANALYST,0.0,21.69194412112458,🔸[OP4] Low Block(LTriangle)✅,0,,,,,,,,,,,,,,,,,,,,,,,,,,,,,,,,.
251015_Chelsea_Sunderland_ANALYST,0.0,10.790067973240212,"🔹[I1a] GK Restart(HBlock, too long)❌",0,,,,,,,,,,,,,,,,,,,,,,,,,,,Compact Shape: LONG,,,,,.
251015_Chelsea_Sunderland_ANALYST,0.0,28.509957942176868,"🔸[OP1b] GK Restart(8"", composure, 2nd phase ...)❌❌🏈",0,,,,,,,,,,,,,,,,,,,,,,,,,,,,,,,,.
251015_Chelsea_Sunderland_ANALYST,0.0,32.069852793367374,🔹[OSP] Kick-off✅,0,,,,,,,,,,,,,,,,,,,,,,,,,,,,,,✅,,.
251015_Chelsea_Sunderland_ANALYST,0.0,23.254314258054364,"🔹[IP4] Attacking Phase(LTRiangle, cross non adjusted)✅",0,,,,,,,,,,,,,,,,,,,,,,,,,,,,,,,,.
251015_Chelsea_Sunderland_ANALYST,0.0,25.070193250237537,"🔹[I3b] Progression(RTRiangle, face the pressure)🚧",0,,,,,,,,,,,,,,,,,,,,,,,,,,,,,,,,.
251015_Chelsea_Sunderland_ANALYST,0.0,17.960140724206326,🔹[I2a] Low Build-up(LCB stays inside)✅🔎,0,,,,,,,,,,,,,,,,,,,,,,,,,,,,,,,,.
251015_Chelsea_Sunderland_ANALYST,0.0,26.600207134521156,"🔹[I3b] Progression(LTriangle, too tight)❌",0,,,,,,,,,,,,,,,,,,,,,,,,,,,,,,,,.
251015_Chelsea_Sunderland_ANALYST,0.0,16.140098452380926,🔸[DSP] Defending Throw In(narrow first)❌,0,,,,,,,,,,,,,,,,,,,,,,"Left, Mid 1/3",,,,,,,,,,.
251015_Chelsea_Sunderland_ANALYST,0.0,30.377327773600825,🔸[OP3a] High Block(trigger MFM?)❌⚠️,0,,,,,,,,,,,,,,,,,,,,,,,,,,Organisation & Triggers,,,,,,.
251015_Chelsea_Sunderland_ANALYST,0.0,18.940159385304185,"🔸[OP4] Low Block(LTriangle, cross management)❌⚠️",0,,,,,,,,,,,,,,,,,,,,,,,,,,,,,,,,.
251015_Chelsea_Sunderland_ANALYST,0.0,32.721647677826695,"🔹[I1b] GK Restart(8"", spare-man)✅",0,,,,,,,,,,,,,,,,,,,,,,,,,,,,,,,,.
251015_Chelsea_Sunderland_ANALYST,0.0,14.75483326319386,🔹[IP4] Attacking Phase(option RTriangle)❌,0,,,,,,,,,,,,,,,,,,,,,,,,,,,,,,,,.
251015_Chelsea_Sunderland_ANALYST,0.0,15.230113089569159,🔸[OP2] High Press(efficient counter-press & MFM)✅,0,,,,,,,,,,,,,,,,,,,,,,,,,,,,,,,,.
251015_Chelsea_Sunderland_ANALYST,0.0,10.790071006254038,🔹[OSP] Attacking Free Kick(direct over the cross bar)🚧,0,,,,,,,,,,,,,,,,,,,,,,,,,,,,,,,,.
251015_Chelsea_Sunderland_ANALYST,0.0,18.76012253588135,🔸[OP1a] GK Restart(foul)🚧,0,,,,,,,,,,,,,,,,,,,,,,,,,,,,,,,,.
251015_Chelsea_Sunderland_ANALYST,0.0,35.04814149194078,🔸[OP3a] High Block(game plan?)🚧⚠️,0,,,,,,,,,,,,,,,,,,,,,,,,,,,,,,,,.
251015_Chelsea_Sunderland_ANALYST,0.0,18.69365305149836,"🔸[OP3b] Mid Block(Cucu, tracking in-behind runner)⚠️",0,,,,,,,,,,,,,,,,,,,,,,,,,,Diagonal Pass,,,,,,.
251015_Chelsea_Sunderland_ANALYST,0.0,21.860133197696314,"🔸[OP4] Low Block(wide areas management, L-R)✅",0,,,,,,,,,,,,,,,,,,,,,,,,,,Side Overloads,,,,,,.
251015_Chelsea_Sunderland_ANALYST,0.0,20.250128003632994,"🔸[DSP] Defending Corner(R, 2nd phase, block-stopper attitudes)❌❌",0,,,,In-swinger,,Pass,,First Half,,,,"Cross, Corner taken, Chipped",Reece James,,,,,Chelsea,,Center,,,,,,,,,,,,.
251015_Chelsea_Sunderland_ANALYST,0.0,19.46010423101518,🔸[DSP] Defending Corner(L)✅,0,,,,In-swinger,,Pass,,First Half,,,,"Chipped, Corner taken, Long ball, Cross",Pedro Lomba Neto,,,,,Chelsea,,Center,,Left,,,,,,,,,,.
251015_Chelsea_Sunderland_ANALYST,0.0,22.5,"🔹[I1a] GK Restart(OS, long, Front3, 2nd ball)✅",0,,,,,,,,,,,,,,,,,,,,,,,,,,,"OS: LONG, Front 3",,,,,.
251015_Chelsea_Sunderland_ANALYST,0.0,51.5478114298312,"🔸[OP3b] Mid Block(back in the shape, LTriangle regain)✅⭐️",0,,,,,,,,,,,,,,,,,,,,,,,,,,,,,,,,.
251015_Chelsea_Sunderland_ANALYST,0.0,40.16521138139069,"🔹[I3b] Progression(midfield overload, RTRiangle workflow?)✅🔎",0,,,,,,,,,,,,,,,,,,,,,,,,,,,,,,,,.
251015_Chelsea_Sunderland_ANALYST,0.0,13.410081385682588,🔸🔹Defensive Transition(good balance)✅,0,,,,,,,,,,,,,,,,,,,,,,,,,,,,Counter Press,,,,.
251015_Chelsea_Sunderland_ANALYST,0.0,18.470091149532095,"🔹🔸Offensive transition(drive, cross)✅",0,,,,,,,,,,,,,,,,,,,,,,,Counter Attack,,,,,,,,,.
251015_Chelsea_Sunderland_ANALYST,0.0,27.0,🔸🔹Defensive Transition(back in the shape)✅,0,,,,,,,,,,,,,,,,,,,,,,,,,,,,Regain Zonal Defence,,,,.
251015_Chelsea_Sunderland_ANALYST,0.0,17.5,"🔹[I1a] GK Restart(OS, long, Front3)❌",0,,,,,,,,,,,,,,,,,,,,,,,,,,,"OS: LONG, Front 3",,,,,.
251015_Chelsea_Sunderland_ANALYST,0.0,28.321695984399412,🔸[OP3a] High Block(sloppy MFM)❌⚠️,0,,,,,,,,,,,,,,,,,,,,,,,,,,,,,,,,.
251015_Chelsea_Sunderland_ANALYST,0.0,22.65685459140559,"🔹[I1b] GK Restart(8"", long, Front3)❌",0,,,,,,,,,,,,,,,,,,,,,,,,,,,,,,,,.
251015_Chelsea_Sunderland_ANALYST,0.0,34.900205764697375,🔸[OP2] High Press(sloppy MFM once again)🚧,0,,,,,,,,,,,,,,,,,,,,,,,,,,,,,,,,.
251015_Chelsea_Sunderland_ANALYST,0.0,22.02986810533912,"🔹[I1b] GK Restart(8"", long, IB)❌",0,,,,,,,,,,,,,,,,,,,,,,,,,,,,,,,,.
251015_Chelsea_Sunderland_ANALYST,0.0,15.370135275573602,"🔸[OP4] Low Block(Cucu, tracking in-behind runner)❌⚠️",0,,,,,,,,,,,,,,,,,,,,,,,,,,Diagonal Pass,,,,,,.
251015_Chelsea_Sunderland_ANALYST,0.0,17.180106996893755,"🔹[I1b] GK Restart(8"", spare man, composure under pressure)✅",0,,,,,,,,,,,,,,,,,,,,,,,,,,,,,,,,.
251015_Chelsea_Sunderland_ANALYST,0.0,30.30794351546524,"🔹[I1a] GK Restart(HBlock, 2nd ball)✅",0,,,,,,,,,,,,,,,,,,,,,,,,,,,Compact Shape: LONG,,,,,.
251015_Chelsea_Sunderland_ANALYST,0.0,19.79010454855711,"🔹[OSP] Attacking Throw In(R, long)✅✅⚽️",0,,,,,,,,,,,,,,,,,,,,,,,,,,,,,"Right, Long, Att 1/3",,,.
251015_Chelsea_Sunderland_ANALYST,0.0,16.050117364315838,🔸[OP3b] Mid Block(winning duel in midfield)✅,0,,,,,,,,,,,,,,,,,,,,,,,,,,,,,,,,.
251015_Chelsea_Sunderland_ANALYST,0.0,17.75008991399045,🔹🔸Offensive transition(cross)🚧,0,,,,,,,,,,,,,,,,,,,,,,,Fast Attack,,,,,,,,,.
251015_Chelsea_Sunderland_ANALYST,0.0,21.810121010859802,"🔸[OP1b] GK Restart(8"", long ball)✅",0,,,,,,,,,,,,,,,,,,,,,,,,,,,,,,,,.
251015_Chelsea_Sunderland_ANALYST,0.0,19.0,"🔹[OSP] Attacking Throw In(R, MZ)🚧",0,,,,,,,,,,,,,,,,,,,,,,,,,,,,,"Right, Mid 1/3",,,.
251015_Chelsea_Sunderland_ANALYST,0.0,17.590121329365047,🔹[I2a] Low Build-up(spare man)✅,0,,,,,,,,,,,,,,,,,,,,,,,,,,,,,,,,.
251015_Chelsea_Sunderland_ANALYST,0.0,17.000121933811442,🔹[IP4] Attacking Phase(LTriangle)❌,0,,,,,,,,,,,,,,,,,,,,,,,,,,,,,,,,.
251015_Chelsea_Sunderland_ANALYST,0.0,15.050088377267684,"🔹[OSP] Attacking Throw In(L, MZ, back pass)🚧",0,,,,,,,,,,,,,,,,,,,,,,,,,,,,,"Right, Left, Mid 1/3",,,.
251015_Chelsea_Sunderland_ANALYST,0.0,13.440086260144199,"🔹[I3b] Progression(composure under pressure, around)✅",0,,,,,,,,,,,,,,,,,,,,,,,,,,,,,,,,.
251015_Chelsea_Sunderland_ANALYST,0.0,18.900137176813132,🔹[I3b] Progression(llack of composure under pressure → low turnover)❌⚠️,0,,,,,,,,,,,,,,,,,,,,,,,,,,,,,,,,.
251015_Chelsea_Sunderland_ANALYST,0.0,14.090093888548608,🔸🔹Defensive Transition(good balance)✅,0,,,,,,,,,,,,,,,,,,,,,,,,,,,,,,,,.
251015_Chelsea_Sunderland_ANALYST,0.0,12.200060965463535,"🔹[I2a] Low Build-up(mid-range, IB the winger)❌",0,,,,,,,,,,,,,,,,,,,,,,,,,,,,,,,,.
251015_Chelsea_Sunderland_ANALYST,0.0,22.093841197682423,🔸[OP3b] Mid Blockstriker & LCB dragged out → spaces opened → cross) ⚠️,0,,,,,,,,,,,,,,,,,,,,,,,,,,,,,,,,.
251015_Chelsea_Sunderland_ANALYST,0.0,27.83998262755108,"🔹[I1a] GK Restart(HBlock, 2nd ball)✅",0,,,,,,,,,,,,,,,,,,,,,,,,,,,Compact Shape: LONG,,,,,.
251015_Chelsea_Sunderland_ANALYST,0.0,22.31370440547471,"🔹[IP4] Attacking Phase(LTriangle, IB)✅✅",0,,,,,,,,,,,,,,,,,,,,,,,,,,,,,,,,.
251015_Chelsea_Sunderland_ANALYST,0.0,20.510116446341044,"🔸[OP1a] GK Restart(OS, long)✅",0,,,,,,,,,,,,,,,,,,,,,,,,,,,,,,,,.
251015_Chelsea_Sunderland_ANALYST,0.0,17.120113989512447,"🔹[OSP] Attacking Throw In(L, MZ)✅",0,,,,,,,,,,,,,,,,,,,,,,,,,,,,,"Left, Mid 1/3",,,.
251015_Chelsea_Sunderland_ANALYST,0.0,19.980126811529317,🔹[IP3a] Progression(around)✅,0,,,,,,,,,,,,,,,,,,,,,,,,,,,,,,,,.
251015_Chelsea_Sunderland_ANALYST,0.0,17.5,"🔹[OSP] Attacking Free Kick(2-men, cutback)✅",0,,,,,,,,,,,,,,,,,,,,,,,,,,,,,,,,.
251015_Chelsea_Sunderland_ANALYST,0.0,44.4994041476109,🔸[OP3b] Mid Block(midfield regain)✅,0,,,,,,,,,,,,,,,,,,,,,,,,,,,,,,,,.
251015_Chelsea_Sunderland_ANALYST,0.0,17.550121924805353,"🔸[OP4] Low Block(LW back, delays → cross allowed) ⚠️",0,,,,,,,,,,,,,,,,,,,,,,,,,,,,,,,,.
251015_Chelsea_Sunderland_ANALYST,0.0,20.210122551020504,"🔹[I1b] GK Restart(8”, play around → off-shoulder positioning) ❌",0,,,,,,,,,,,,,,,,,,,,,,,,,,,,,,,,.
251015_Chelsea_Sunderland_ANALYST,0.0,19.980106983875885,"🔸🔹Defensive Transition(low turnover, counter-attack)❌❌",0,,,,,,,,,,,,,,,,,,,,,,,,,,,,,,,,.
251015_Chelsea_Sunderland_ANALYST,0.0,26.3099868961051,"🔹[I1a] GK Restart(OS, long wide target, 2nd ball)✅",0,,,,,,,,,,,,,,,,,,,,,,,,,,,Compact Shape: LONG,,,,,.
251015_Chelsea_Sunderland_ANALYST,0.0,22.23998109835611,🔹[OSP] Attacking Free Kick(inaccurate delivery)❌,0,,,,,,,,,,,,,,,,,,,,,,,,,,,,,,,,.
251015_Chelsea_Sunderland_ANALYST,0.0,18.47011552170352,🔸[OP4] Low Block(RTRiangle overprotection)🚧,0,,,,,,,,,,,,,,,,,,,,,,,,,,,,,,,,.
251015_Chelsea_Sunderland_ANALYST,0.0,12.370074385071348,"🔸[OP4] Low Block(LSide cross, runners management)🚧⚠️",0,,,,,,,,,,,,,,,,,,,,,,,,,,Side Overloads,,,,,,.
251015_Chelsea_Sunderland_ANALYST,0.0,17.19008473523718,"🔸[DSP] Defending Corner(R, 2 phases)✅",0,,,,In-swinger,,Pass,,First Half,,,,"Chipped, Cross, Corner taken",Reece James,,,,,Chelsea,,Center,,"Left, Right",,,,,,,,,,.
251015_Chelsea_Sunderland_ANALYST,0.0,25.5,"🔹[I1a] GK Restart(OS, around, mid-range)❌",0,,,,,,,,,,,,,,,,,,,,,,,,,,,"Short, Around",,,,,.
251015_Chelsea_Sunderland_ANALYST,0.0,16.080091744976016,"🔸[OP4] Low (R-Triangle → cross management, sink too deep) 🚧",0,,,,,,,,,,,,,,,,,,,,,,,,,,Side Overloads,,,,,,.
251015_Chelsea_Sunderland_ANALYST,0.0,26.930152696084406,"🔸[DSP] Defending Corner(R, flick-on front post, easy volley far post)❌❌",0,,,,In-swinger,,Pass,,First Half,,,,"Cross, Corner taken, Chipped",Reece James,,,,,Chelsea,,Center,,Right,,,,,,,,,,.
251015_Chelsea_Sunderland_ANALYST,0.0,20.0,🔹🔸Offensive transition(go forward or keep the ball?)🚧,0,,,,,,,,,,,,,,,,,,,,,,,"Fast Attack, Fast Attack, Fast Attack",,,,,,,,,.
251015_Chelsea_Sunderland_ANALYST,0.0,24.499980202664574,"🔹[I1a] GK Restart(HBlock, 2 phases)❌",0,,,,,,,,,,,,,,,,,,,,,,,,,,,Compact Shape: LONG,,,,,.
251015_Chelsea_Sunderland_ANALYST,0.0,32.39646142089623,"🔸[OP4] Low Block(RTriangle, midfield regain)✅⭐️",0,,,,,,,,,,,,,,,,,,,,,,,,,,,,,,,,.
251015_Chelsea_Sunderland_ANALYST,0.0,16.57008351679042,"🔹🔸Offensive transition(good move, shot)✅",0,,,,,,,,,,,,,,,,,,,,,,,Counter Attack,,,,,,,,,.
251015_Chelsea_Sunderland_ANALYST,0.0,13.6500868653211,🔹🔸Offensive transition(lack of composure under pressure)❌,0,,,,,,,,,,,,,,,,,,,,,,,,,,,,,,,,.
251015_Chelsea_Sunderland_ANALYST,0.0,14.160093588604923,🔸[OP4] Low Block(compact shape → shot from distance)🚧⚠️,0,,,,,,,,,,,,,,,,,,,,,,,,,,,,,,,,.
251015_Chelsea_Sunderland_ANALYST,0.0,18.860125581233206,"🔸[DSP] Defending Corner(L, GK error, 2nd phase)🚧",0,,,,In-swinger,,Pass,,First Half,,,,"Long ball, Chipped, Cross, Corner taken",Pedro Lomba Neto,,,,,Chelsea,,Center,,Left,,,,,,,,,,.
251015_Chelsea_Sunderland_ANALYST,0.0,23.554537892162898,🔸[DSP] Defending Free Kick(L)✅,0,,,,,,Pass,,First Half,,,,"Free kick taken, Direct",Reece James,,,,,Chelsea,,Left,,"Right, Right",,,,,,,,,,.
251015_Chelsea_Sunderland_ANALYST,0.0,17.5,🔹🔸Offensive transition(cheap turnover)❌,0,,Chelsea,Contexte,,20251025,,MT 0,,Journée 9,Domicile,107,,,120%,+,2/1,100 - 110,,CPA DEF,,,,,,,,,,,,,.
251015_Chelsea_Sunderland_ANALYST,0.0,20.770164288548585,"🔸[OP4] Low Block(LTriangle, cross management)⚠️",0,,Chelsea,Contexte,,20251025,,MT 0,,Journée 9,Domicile,107,,,120%,+,2/1,100 - 110,,DPlacee,,,,,,,,,,,,,.
251015_Chelsea_Sunderland_ANALYST,0.0,14.709989981575745,"🔹[I1b] GK Restart(8"", long, (8” → long play, precipitation → Rushed decision)❌",0,,Chelsea,Contexte,,20251025,,MT 0,,Journée 9,Domicile,107,,,120%,+,2/1,100 - 110,,DPlacee,,,,,,,,,,,,,.
251015_Chelsea_Sunderland_ANALYST,0.0,19.22010485260762,"🔸[OP4] Low Block(LSide cross, cross management)✅",0,,Chelsea,Contexte,,20251025,,MT 0,,Journée 9,Domicile,107,,,80%,-,2/1,100 - 110,,Toffensive,,,,,,,,,,,,,.
251015_Chelsea_Sunderland_ANALYST,0.0,11.820056074262993,🔹🔸Offensive transition(cheap turnover)❌,0,,Chelsea,Contexte,,20251025,,MT 0,,Journée 9,Domicile,107,,,80%,-,2/1,100 - 110,,Toffensive,,,,,,,,,,,,,.
251015_Chelsea_Sunderland_ANALYST,0.0,11.77007284830097,"🔸[OP4] Low Block(LTriangle, cross management)✅",0,,,,,,"Pass, Pass",,"First Half, First Half",,,,"Cross, Cross","Reece James, Reece James",,,,,"Chelsea, Chelsea",,"Center, Center",,,,,,,,,,,,.
251015_Chelsea_Sunderland_ANALYST,0.0,18.5,🔹🔸Offensive transition(cheap turnover)❌,0,,Chelsea,Contexte,,20251025,,MT 0,,Journée 9,Domicile,107,,,120%,+,2/1,100 - 110,,Toffensive,,,,,,,,,,,,,.
251015_Chelsea_Sunderland_ANALYST,0.0,18.029999999999745,🔸[DSP] Kick-off✅,0,,,,,,,,,,,,,,,,,,,,,,,,,,,,,,✅,,.
251015_Chelsea_Sunderland_ANALYST,0.0,21.0,"🔹[OSP] Attacking Throw In(R, MZ)✅",0,,,,,,,,,,,,,,,,,,,,,,,,,,,,,"Right, Def 1/3",,,.
251015_Chelsea_Sunderland_ANALYST,0.0,18.5,"🔸[DSP] Defending Throw In(L, MZ)❌",0,,,,,,,,,,,,,,,,,,,,,,"Right, Att 1/3",,,,,,,,,,.
251015_Chelsea_Sunderland_ANALYST,0.0,31.295723238697974,"🔸[OP4] Low Block(RTriangle, cross management, composed under pressure)✅⭐️",0,,,,,,,,,,,,,,,,,,,,,,,,,,,,,,,,.
251015_Chelsea_Sunderland_ANALYST,0.0,36.0,"🔹🔸Offensive transition(Game plan option, Ballard→Trai→wide, cross)✅⭐️",0,,,,,,,,,,,,,,,,,,,,,,,"Retain Poss, Fast Attack",,,,,,,,,.
251015_Chelsea_Sunderland_ANALYST,0.0,20.306643521325896,🔸🔹Defensive Transition(sprinter)✅⭐️,0,,,,,,,,,,,,,,,,,,,,,,,,,,,,,,,,.
251015_Chelsea_Sunderland_ANALYST,0.0,29.510139302198695,"🔹🔸Offensive transition(Give&Go, cross, runners)✅⭐️",0,,,,,,,,,,,,,,,,,,,,,,,Fast Attack,,,,,,,,,.
251015_Chelsea_Sunderland_ANALYST,0.0,14.370056084583211,"🔹[OSP] Attacking Throw In(R, long)🚧",0,,,,,,,,,,,,,,,,,,,,,,,,,,,,,"Right, Att 1/3, Long",,,.
251015_Chelsea_Sunderland_ANALYST,0.0,41.44084364862465,"🔹[OSP] Attacking Throw In(R, MZ)✅",0,,,,,,,,,,,,,,,,,,,,,,,,,,,,,"Right, Att 1/3",,,.
251015_Chelsea_Sunderland_ANALYST,0.0,30.5,"🔹[I2a] Low Build-up(long, 2nd ball)✅⭐️",0,,,,,,,,,,,,,,,,,,,,,,,,,,,,,,,,.
251015_Chelsea_Sunderland_ANALYST,0.0,16.140072548630997,🔹[OSP] Attacking Free Kick(L)✅,0,,,,,,,,,,,,,,,,,,,,,,,,,,,,,"Left, Att 1/3",,,.
251015_Chelsea_Sunderland_ANALYST,0.0,20.970097229431303,"🔹[OSP] Attacking Corner(R, delivery)❌",0,,,,In-swinger,,Pass,,Second Half,,,,"Chipped, Corner taken, Cross",Granit Xhaka,,,,,Sunderland,,Center,,,,,,,,,Right,,,.
251015_Chelsea_Sunderland_ANALYST,0.0,21.39013656636962,🔸🔹Defensive Transition(sprinters)✅⭐️,0,,,,,,,,,,,,,,,,,,,,,,,,,,,,Counter Press,,,,.
251015_Chelsea_Sunderland_ANALYST,0.0,44.860206357472634,🔹[I3b] Progression(U-shape circulation → cheap turnover)❌,0,,,,,,,,,,,,,,,,,,,,,,,,,,,,,,,,.
251015_Chelsea_Sunderland_ANALYST,0.0,26.799457528905805,🔸[OP3b] Mid Block(midfield regain)✅,0,,,,,,,,,,,,,,,,,,,,,,,,,,,,,,,,.
251015_Chelsea_Sunderland_ANALYST,0.0,32.62004246456945,"🔹🔸Offensive transition(cheap turnover under pressure, foul against)❌🔎",0,,,,,,,,,,,,,,,,,,,,,,,,,,,,,,,,.
251015_Chelsea_Sunderland_ANALYST,0.0,18.23009015470052,🔸🔹Defensive Transition(foul)❌,0,,,,,,,,,,,,,,,,,,,,,,,,,,,,,,,,.
251015_Chelsea_Sunderland_ANALYST,0.0,13.090054252928894,🔸[DSP] Defending Free Kick(L)✅,0,,,,,,Pass,,Second Half,,,,"Free kick taken, Direct, Chipped, Cross",Reece James,,,,,Chelsea,,Center,,,,,,,,,,,,.
251015_Chelsea_Sunderland_ANALYST,0.0,33.30017830934139,🔸[OP2] High Press(Zonal→MFM)✅⭐️,0,,,,,,,,,,,,,,,,,,,,,,,,,,,,,,,,.
251015_Chelsea_Sunderland_ANALYST,0.0,14.59009388368213,"🔹[I3b] Progression(LTriangle, turnover)🚧",0,,,,,,,,,,,,,,,,,,,,,,,,,,,,,,,,.
251015_Chelsea_Sunderland_ANALYST,0.0,13.930094800267398,🔸[OP4] Low Block(RTriangle)✅,0,,,,,,,,,,,,,,,,,,,,,,,,,,,,,,,,.
251015_Chelsea_Sunderland_ANALYST,0.0,17.62010180780726,"🔸[OP4] Low Block(RTroangle, cross, intenity)✅⭐️",0,,,,,,,,,,,,,,,,,,,,,,,,,,,,,,,,.
251015_Chelsea_Sunderland_ANALYST,0.0,22.5,"🔹[I1a] GK Restart(HBLock, 2nd ball, cheap turnover)❌",0,,,,,,,,,,,,,,,,,,,,,,,,,,,Compact Shape: LONG,,,,,.
251015_Chelsea_Sunderland_ANALYST,0.0,29.320753978457105,🔸[OP4] Low Block(IB)🚧,0,,,,,,,,,,,,,,,,,,,,,,,,,,,,,,,,.
251015_Chelsea_Sunderland_ANALYST,0.0,19.23007954305467,"🔹🔸Offensive transition(composed, IB not adjusted)🚧",0,,,,,,,,,,,,,,,,,,,,,,,Fast Attack,,,,,,,,,.
251015_Chelsea_Sunderland_ANALYST,0.0,22.660145404499417,"🔸🔹Defensive Transition(RTriangle, cutback)❌❌",0,,,,,,,,,,,,,,,,,,,,,,,,,,,,,,,,.
251015_Chelsea_Sunderland_ANALYST,0.0,42.90013716642261,🔸[DSP] Defending Corner(3 phases)✅,0,,,,,,,,,,,,,,,,,,,,,,Right,,,,,,,,,,.
251015_Chelsea_Sunderland_ANALYST,0.0,25.45016002976172,"🔹[OSP] Attacking Throw In(L, DZ, flip the pressure, 2nd ball)🚧",0,,,,,,,,,,,,,,,,,,,,,,,,,,,,,Left,,,.
251015_Chelsea_Sunderland_ANALYST,0.0,7.9300688833845925,🔸[OP3b] Mid Block(narrow midfield)✅,0,,,,,,,,,,,,,,,,,,,,,,,,,,,,,,,,.
251015_Chelsea_Sunderland_ANALYST,0.0,25.933085408414627,🔸[OP4] Low Block(2 crosses)✅,0,,,,,,,,,,,,,,,,,,,,,,,,,,Side Overloads,,,,,,.
251015_Chelsea_Sunderland_ANALYST,0.0,16.18006584750583,"🔹[OSP] Attacking Throw In(L, DZ)❌",0,,,,,,,,,,,,,,,,,,,,,,,,,,,,,"Left, Def 1/3",,,.
251015_Chelsea_Sunderland_ANALYST,0.0,27.112251679924157,🔸[OP3b] Mid Block(compact & proactive)✅⭐️,0,,,,,,,,,,,,,,,,,,,,,,,,,,,,,,,,.
251015_Chelsea_Sunderland_ANALYST,0.0,14.0200682807681,"🔹[OSP] Attacking Free Kick(HBlock, off side)❌",0,,,,,,,,,,,,,,,,,,,,,,,,,,,,,,,,.
251015_Chelsea_Sunderland_ANALYST,0.0,22.350121934523486,🔸[OP4] Low Block(IB → R-Triangle → markers step up when possible)🚧🔎,0,,,,,,,,,,,,,,,,,,,,,,,,,,,,,,,,.
251015_Chelsea_Sunderland_ANALYST,0.0,21.870135323844806,"🔹[I1b] GK Restart(8"", long IB)❌",0,,,,,,,,,,,,,,,,,,,,,,,,,,,,,,,,.
251015_Chelsea_Sunderland_ANALYST,0.0,24.260137767464585,🔸[OP4] Low Block(inside regain)✅,0,,,,,,,,,,,,,,,,,,,,,,,,,,,,,,,,.
251015_Chelsea_Sunderland_ANALYST,0.0,25.590113698085588,🔹🔸Offensive transition(composure under pressure → incomplete action) 🚧🔎,0,,,,,,,,,,,,,,,,,,,,,,,Fast Attack,,,,,,,,,.
251015_Chelsea_Sunderland_ANALYST,0.0,11.51007224791283,🔸[OP4] Low Block(Cucu tracking IB)✅,0,,,,,,,,,,,,,,,,,,,,,,,,,,Diagonal Pass,,,,,,.
251015_Chelsea_Sunderland_ANALYST,0.0,27.490101520130338,"🔸[DSP] Defending Corner(2 phases, shot long distance)✅",0,,,,,,,,,,,,,,,,,,,,,,,,,,,,,,,,.
251015_Chelsea_Sunderland_ANALYST,0.0,21.5,"🔹[I1b] GK Restart(8"", quick, long IB)🚧",0,,,,,,,,,,,,,,,,,,,,,,,,,,,,,,,,.
251015_Chelsea_Sunderland_ANALYST,0.0,16.050082296630535,"🔸[OP4] Low Block(RTriangle, cross management)🚧",0,,,,,,,,,,,,,,,,,,,,,,,,,,,,,,,,.
251015_Chelsea_Sunderland_ANALYST,0.0,20.830152722553976,"🔹[I1b] GK Restart(8” → long play, cheap turnover → teammates’ availability?)❌",0,,,,,,,,,,,,,,,,,,,,,,,,,,,,,,,,.
251015_Chelsea_Sunderland_ANALYST,0.0,10.950039632599328,"🔹[I1a] GK Restart(HBlock, too long)❌",0,,,,,,,,,,,,,,,,,,,,,,,,,,,Compact Shape: LONG,,,,,.
251015_Chelsea_Sunderland_ANALYST,0.0,31.36072472563501,🔸[OP4] Low Block(inside regain)✅,0,,,,,,,,,,,,,,,,,,,,,,,,,,,,,,,,.
251015_Chelsea_Sunderland_ANALYST,0.0,22.170086566361533,🔹🔸Offensive transition(composed under pressure → scoring opportunity)✅,0,,,,,,,,,,,,,,,,,,,,,,,Fast Attack,,,,,,,,,.
251015_Chelsea_Sunderland_ANALYST,0.0,9.410047858559665,🔹[I1a] GK Restart(HBlock → inaccuracy)❌,0,,,,,,,,,,,,,,,,,,,,,,,,,,,Compact Shape: LONG,,,,,.
251015_Chelsea_Sunderland_ANALYST,0.0,24.0,"🔸[OP2] High Press(long ball, 2nd ball)❌",0,,,,,,,,,,,,,,,,,,,,,,,,,,,,,,,,.
251015_Chelsea_Sunderland_ANALYST,0.0,16.910206280172133,"🔸[OP4] Low Block(IB, cross)⚠️",0,,,,,,,,,,,,,,,,,,,,,,,,,,,,,,,,.
251015_Chelsea_Sunderland_ANALYST,0.0,18.570110959467456,🔸[OP4] Low Block(RSide cross)✅,0,,,,,,,,,,,,,,,,,,,,,,,,Diagonal Balls Conceded,,,,,,,,.
251015_Chelsea_Sunderland_ANALYST,0.0,13.270057597226696,🔹[I1a] GK Restart(HBlock → inaccuracy)❌,0,,,,,,,,,,,,,,,,,,,,,,,,,,,Compact Shape: LONG,,,,,.
251015_Chelsea_Sunderland_ANALYST,0.0,27.84016400535529,"🔸[OP2] High Press(MFM, long, 2nd ball)✅",0,,,,,,,,,,,,,,,,,,,,,,,,,,,,,,,,.
251015_Chelsea_Sunderland_ANALYST,0.0,31.892333383875666,🔹[OSP] Attacking Free Kick(2 men)❌,0,,,,,,,,,,,,,,,,,,,,,,,,,,,,,,,,.
251015_Chelsea_Sunderland_ANALYST,0.0,32.448775233584456,🔸🔹Defensive Transition(compensators)✅,0,,,,,,,,,,,,,,,,,,,,,,,,,,,,,,,,.
251015_Chelsea_Sunderland_ANALYST,0.0,29.542195032307063,"🔹[I1a] GK Restart(HBlock, 2nd ball, cross, scoring opportunity)✅✅",0,,,,,,,,,,,,,,,,,,,,,,,,,,,Compact Shape: LONG,,,,,.
251015_Chelsea_Sunderland_ANALYST,0.0,17.050097551864383,"🔸[OP1a] GK Restart(OS, long)✅",0,,,,,,,,,,,,,,,,,,,,,,,,,,,,,,,,.
251015_Chelsea_Sunderland_ANALYST,0.0,33.64952623061254,"🔹[OSP] Attacking Free Kick(2nd phase, shot)✅",0,,,,,,,,,,,,,,,,,,,,,,,,,,,,,,,,.
251015_Chelsea_Sunderland_ANALYST,0.0,20.07860991670168,"🔹[I2a] Low Build-up(long, inaccuracy)❌",0,,,,,,,,,,,,,,,,,,,,,,,,,,,,,,,,.
251015_Chelsea_Sunderland_ANALYST,0.0,17.64009387758597,"🔹[I2a] Low Build-up(long, 2nd ball)❌",0,,,,,,,,,,,,,,,,,,,,,,,,,,,,,,,,.
251015_Chelsea_Sunderland_ANALYST,0.0,28.696903307078173,🔸[OP2] High Press(press intensity)✅⭐️,0,,,,,,,,,,,,,,,,,,,,,,,,,,,,,,,,.
251015_Chelsea_Sunderland_ANALYST,0.0,28.720165831916347,"🔸[OP1a] GK Restart(long, 2nd ball)❌",0,,,,,,,,,,,,,,,,,,,,,,,,,,,,,,,,.
251015_Chelsea_Sunderland_ANALYST,0.0,16.160087485151053,"🔸[OP4] Low Block(RTriangle, cross)🚧",0,,,,,,,,,,,,,,,,,,,,,,,,,,,,,,,,.
251015_Chelsea_Sunderland_ANALYST,0.0,36.953828494035406,"🔹[I1b] GK Restart(8"" around, spare man)✅",0,,,,,,,,,,,,,,,,,,,,,,,,,,,,,,,,.
251015_Chelsea_Sunderland_ANALYST,0.0,17.010085950963912,🔹🔸Offensive transition(composure under pressure)✅,0,,,,,,,,,,,,,,,,,,,,,,,,,,,,,,,,.
251015_Chelsea_Sunderland_ANALYST,0.0,17.300097542693038,"🔹[OSP] Attacking Free Kick(R, 2nd ball)🚧",0,,,,,,,,,,,,,,,,,,,,,,,,,,,,,Right,,,.
251015_Chelsea_Sunderland_ANALYST,0.0,8.50005182539644,"🔹[OSP] Attacking Throw In(L, long)❌",0,,,,,,,,,,,,,,,,,,,,,,,,,,,,,"Left, Att 1/3, Long",,,.
251015_Chelsea_Sunderland_ANALYST,0.0,13.89009083383462,🔸[OP3b] Mid Block(opportunistic trigger)✅,0,,,,,,,,,,,,,,,,,,,,,,,,,,,,,,,,.
251015_Chelsea_Sunderland_ANALYST,0.0,15.800103619689253,🔹[OSP] Attacking Free Kick(delivery)❌,0,,,,,,,,,,,,,,,,,,,,,,,,,,,,,Left,,,.
251015_Chelsea_Sunderland_ANALYST,0.0,15.850085348925859,"🔸[OP4] Low Block(RTRiangle, cross)🚧",0,,,,,,,,,,,,,,,,,,,,,,,,,,,,,,,,.
251015_Chelsea_Sunderland_ANALYST,0.0,44.55989465682069,"🔸[DSP] Defending Corner(R, 2nd phase, shot deflected)✅",0,,,,,,,,,,,,,,,,,,,,,,Right,,,,,,,,,,.
251015_Chelsea_Sunderland_ANALYST,0.0,18.44011975261583,"🔸[OP4] Low Block(RTRiangle, cross)✅",0,,,,,,,,,,,,,,,,,,,,,,,,,,,,,,,,.
251015_Chelsea_Sunderland_ANALYST,0.0,19.780126805555483,🔹🔸Offensive transition((1st phase effective → sloppy after)🚧,0,,,,,,,,,,,,,,,,,,,,,,,Counter Attack,,,,,,,,,.
251015_Chelsea_Sunderland_ANALYST,0.0,11.730061269905491,"🔸[DSP] Defending Free Kick(R, off side)✅",0,,,,,,,,,,,,,,,,,,,,,,Left,,,,,,,,,,.
251015_Chelsea_Sunderland_ANALYST,0.0,26.85674031198596,"🔹[I1a] GK Restart(HBlock, 2nd ball)❌",0,,,,,,,,,,,,,,,,,,,,,,,,,,,Compact Shape: LONG,,,,,.
251015_Chelsea_Sunderland_ANALYST,0.0,39.570206949565545,"🔹🔸Offensive transition(High-intensity phase changes, defensive ↔ offensive transitions)✅✅⚽️",0,,,,,,,,,,,,,,,,,,,,,,,Counter Attack,,,,,,,,,.
251015_Chelsea_Sunderland_ANALYST,0.0,21.220153646774634,"🔹[I1a] GK Restart(HBlock, 2nd ball)🚧",0,,,,,,,,,,,,,,,,,,,,,,,,,,,Compact Shape: LONG,,,,,.
251015_Chelsea_Sunderland_ANALYST,0.0,14.000062478741711,"🔸[DSP] Defending Throw In(R, DZ)✅",0,,,,,,,,,,,,,,,,,,,,,,"Right, Att 1/3",,,,,,,,,,.
251015_Chelsea_Sunderland_ANALYST,0.0,9.760035665245596,"🔹[OSP] Attacking Throw In(R, HZ, foul)❌",0,,,,,,,,,,,,,,,,,,,,,,,,,,,,,"Right, Att 1/3",,,.
251015_Chelsea_Sunderland_ANALYST,0.0,11.720048459466852,🔸[OP1a] GK Restart(HBlock)✅,0,,,,,,,,,,,,,,,,,,,,,,,,,Direct (HB),,,,,,,.
251015_Chelsea_Sunderland_ANALYST,0.0,8.10003505887471,"🔹[OSP] Attacking Throw In(R, DZ, long)❌",0,,,,,,,,,,,,,,,,,,,,,,,,,,,,,"Right, Def 1/3",,,.
251015_Chelsea_Sunderland_ANALYST,0.0,21.683589375909833,🔸[OP3b] Mid Block(LTriangle)✅,0,,,,,,,,,,,,,,,,,,,,,,,,,,,,,,,,.
251015_Chelsea_Sunderland_ANALYST,0.0,12.240054258908458,🔸[OP4] Low Block(LTriangle)🚧,0,,,,,,,,,,,,,,,,,,,,,,,,,,,,,,,,.
251015_Chelsea_Sunderland_ANALYST,0.0,11.230038409864392,🔸[DSP] Defending Corner(L)✅,0,,,,In-swinger,,Pass,,Second Half,,,,"Cross, Corner taken, Chipped",Estêvão Willian Almeida de Oliveira Gonçalves,,,,,Chelsea,,Center,,,,,,,,,,,,.