Timeline,Start time,Duration,Row,Instance number,<flag>.,Assist,Corner Taken,Event,Half,Pass,Player,Shot,Shot Body Part,Shot Location Descriptors,Shot Pattern of Play,Team,Zone,✅,❌❌,🔎,🔸[OP] Restart Phase,🔸[OP] Zonal Defence,🔸🔹[OT] Counter-attack,🔹[IP] Restart Phase,🔹🔸[DT] Back in,🔹🔸[DT] Counter-attack,🚧,Ungrouped,Notes,Flags
251129_Sunderland_AFCBournemouth_ANALYST2ANGLES,0.0,15.607168658051592,"🔸[OP4]Low Block(Rtriangle, spare CB)✅⚠️",0,,,,,,,,,,,,,,,,,,,,,,,,,,.
251129_Sunderland_AFCBournemouth_ANALYST2ANGLES,0.0,14.890385047222622,"🔹[IP1a]GK Restart(OS, spare man, inaccurate IB)❌",0,,,,,,,,,,,,,,,,,,,,"Short, Spare Man (vMFM)",,,,,,.
251129_Sunderland_AFCBournemouth_ANALYST2ANGLES,0.0,24.680842884545143,"🔸[OP2]High Press(MFM, long, 2nd ball)✅",0,,,,,,,,,,,,,,,,,,,,,,,,,,.
251129_Sunderland_AFCBournemouth_ANALYST2ANGLES,0.0,23.966874640170317,🔹🔸Defensive transition(2nd ball regain)✅,0,,,,,,,,,,,,,,,,,,,,,,,,,,.
251129_Sunderland_AFCBournemouth_ANALYST2ANGLES,0.0,9.670059145459902,"🔹[OSP] Throw-in(R, MZ, 2-man pattern)✅",0,,,,,,,,,,,,,,,,,,,,,,,,,,.
251129_Sunderland_AFCBournemouth_ANALYST2ANGLES,0.0,38.15659157509424,"🔹[IP3a]Progression(spare man, exploiting overloads)✅⭐️",0,,,,,,,,,,,,,,,,,,,,,,,,,,.
251129_Sunderland_AFCBournemouth_ANALYST2ANGLES,0.0,15.46491628065138,🔹🔸Defensive transition(counter-attack)✅⚠️,0,,,,,,,,,,,,,,,,,,,,,,,,🔹🔸[DT] Counter-attack,,.
251129_Sunderland_AFCBournemouth_ANALYST2ANGLES,0.0,37.27228371665666,🔹[IP4]Attacking Phase(LTriangle)✅✅⭐️,0,,,,,,,,,,,,,,,,,,,,,,,,,,.
251129_Sunderland_AFCBournemouth_ANALYST2ANGLES,0.0,30.337675408983387,"🔹🔸Defensive transition(counter-press, x2)✅⭐️",0,,,,,,,,,,,,,,,,,,,,,,,,,,.
251129_Sunderland_AFCBournemouth_ANALYST2ANGLES,0.0,29.76597021197938,"🔸[OP1a]GK Restart(OS, long, 2nd ball)✅",0,,,,,,,,,,,,,,,,,Direct (OS),,,,,,,,,.
251129_Sunderland_AFCBournemouth_ANALYST2ANGLES,0.0,23.143356221961767,"🔸🔹Offensive transition(counter-attack, cross)✅",0,,,,,,,,,,,,,,,,,,,,,,,,🔸🔹[OT] Counter-attack,,.
251129_Sunderland_AFCBournemouth_ANALYST2ANGLES,0.0,25.970000000000027,🔸[OP4]Low Block(RTriangle)✅⚠️,0,,,,,,,,,,,,,,,,,,,,,,,,✅,,.
251129_Sunderland_AFCBournemouth_ANALYST2ANGLES,0.0,23.7100889910746,"🔸🔹Offensive transition(counter-attack, shot)✅",0,,,,,,,,,,,,,,,,,,,,,,,,🔸🔹[OT] Counter-attack,,.
251129_Sunderland_AFCBournemouth_ANALYST2ANGLES,0.0,33.081272929840225,"🔸[OP1a]GK Restart(OS, short, mi-range pass)✅",0,,,,,,,,,,,,,,,,,,,,,,,,,,.
251129_Sunderland_AFCBournemouth_ANALYST2ANGLES,0.0,21.772235452170662,"🔹[IP2]Low Build-up(spare man, not completed)🚧",0,,,,,,,,,,,,,,,,,,,,,,,,🔹🔸[DT] Back in,,.
251129_Sunderland_AFCBournemouth_ANALYST2ANGLES,0.0,34.555769751358184,"🔹🔸Defensive transition(IB, cutback)❌❌🏈",0,,,,,,,,,,,,,,,,,,,,,,,,🔹🔸[DT] Back in,,.
251129_Sunderland_AFCBournemouth_ANALYST2ANGLES,0.0,12.127321832492044,"🔹[OSP] Throw-in(R, MZ)✅",0,,,,,,,,,,,,,,,,,,,,,,,,,,.
251129_Sunderland_AFCBournemouth_ANALYST2ANGLES,0.0,41.630271721611734,"🔹[IP4]Attacking Phase(LTriangle, sloppy switch)❌",0,,,,,,,,,,,,,,,,,,,,,,,,,,.
251129_Sunderland_AFCBournemouth_ANALYST2ANGLES,0.0,38.873826565714126,"🔹[IP2]Low Build-up(spare man, through)✅",0,,,,,,,,,,,,,,,,,,,,,,,,,,.
251129_Sunderland_AFCBournemouth_ANALYST2ANGLES,0.0,17.66045330300699,🔹🔸Defensive transition(counter-attack)⚠️,0,,,,,,,,,,,,,,,,,,,,,,,,,,.
251129_Sunderland_AFCBournemouth_ANALYST2ANGLES,0.0,31.267496321267913,"🔸[OP2]High Press(OS, MFM, long)✅",0,,,,,,,,,,,,,,,,,,Zonal Direct Pass,,,,,,,,.
251129_Sunderland_AFCBournemouth_ANALYST2ANGLES,0.0,44.15037003488965,"🔹[IP2]Low Build-up(spare man, 1st phase☑️, 2nd under pressure)❌",0,,,,,,,,,,,,,,,,,,,,,,,,,,.
251129_Sunderland_AFCBournemouth_ANALYST2ANGLES,0.0,23.390122840460776,"🔹[IP1b]GK Restart(spare man, CB progression to exploit 2v1)✅⭐️",0,,,,,,,,,,,,,,,,,,,,,,,,,,.
251129_Sunderland_AFCBournemouth_ANALYST2ANGLES,0.0,23.00011430606935,"🔹[IP4]Attacking Phase(switch, LTriangle, sloppy pass)🚧",0,,,,,,,,,,,,,,,,,,,,,,,,,,.
251129_Sunderland_AFCBournemouth_ANALYST2ANGLES,0.0,31.182154130808613,🔹🔸Defensive transition(2-step regain)✅,0,,,,,,,,,,,,,,,,,,,,,,,,,,.
251129_Sunderland_AFCBournemouth_ANALYST2ANGLES,0.0,20.885101535575814,"🔸🔹Offensive transition(counter-attack, cutback)✅",0,,,,,,,,,,,,,,,,,,,,,,,,,,.
251129_Sunderland_AFCBournemouth_ANALYST2ANGLES,0.0,20.860095097665635,"🔸[OP1a]GK Restart(HBlock, 2nd ball)✅⭐️",0,,,,,,,,,,,,,,,,,Direct (HB),,,,,,,,,.
251129_Sunderland_AFCBournemouth_ANALYST2ANGLES,0.0,23.800188992700782,"🔹[IP4]Attacking Phase(3 crosses, transitions)✅",0,,,,,,,,,,,,,,,,,,,,,,,,,,.
251129_Sunderland_AFCBournemouth_ANALYST2ANGLES,0.0,25.536338375079367,"🔹[OSP] Corner(R, 2-man, sloppy pass)❌",0,,,,Pass,First Half,Corner taken,Granit Xhaka,,,,,Sunderland,Center,,,,,,,,,,,,,.
251129_Sunderland_AFCBournemouth_ANALYST2ANGLES,0.0,18.252214171516243,🔹🔸Defensive transition(counter-attack)❌❌🏈,0,,,,,,,,,,,,,,,,,,,,,,,,,,.
251129_Sunderland_AFCBournemouth_ANALYST2ANGLES,0.0,14.220075901466771,"🔹[OSP] Corner(L, far post)🚧",0,,,In-swinger,Pass,First Half,"Corner taken, Chipped, Long ball, Cross",Enzo Le Fée,,,,,Sunderland,Center,,,,,,,,,,,,,.
251129_Sunderland_AFCBournemouth_ANALYST2ANGLES,0.0,10.770049980552812,"🔹[OSP] Corner(R, far post, foul)🚧",0,,,In-swinger,Pass,First Half,"Long ball, Cross, Chipped, Corner taken",Granit Xhaka,,,,,Sunderland,Center,,,,,,,,,,,,,.
251129_Sunderland_AFCBournemouth_ANALYST2ANGLES,0.0,35.09615814709559,"🔸[OP1a]GK Restart(HBlock, cheap turnover, counter-attack)❌⚠️🔍",0,,,,,,,,,,,,,,,,,,,,,,,,,,.
251129_Sunderland_AFCBournemouth_ANALYST2ANGLES,0.0,36.674702269838235,"🔹[IP1b]GK Restart(spare man, G&G)✅⭐️",0,,,,,,,,,,,,,,,,,,,,,,,,,,.
251129_Sunderland_AFCBournemouth_ANALYST2ANGLES,0.0,22.15817286654851,🔹[IP4]Attacking Phase(R-LTriangles)🚧,0,,,,,,,,,,,,,,,,,,,,,,,,,,.
251129_Sunderland_AFCBournemouth_ANALYST2ANGLES,0.0,22.401337935249103,"🔸[OP1a]GK Restart(OS, long, 2nd ball, foul)❌",0,,,,,,,,,,,,,,,,,Direct (OS),,,,,,,,,.
251129_Sunderland_AFCBournemouth_ANALYST2ANGLES,0.0,24.780103926214224,🔸[OP3b-4] Mid-Low Block(silly foul)❌,0,,,,,,,,,,,,,,,,,,,,,,,,,,.
251129_Sunderland_AFCBournemouth_ANALYST2ANGLES,0.0,10.512893064261107,🔸[DSP] Free kick(L)✅,0,,,,,,,,,,,,,,,,,,,,,,,,,,.
251129_Sunderland_AFCBournemouth_ANALYST2ANGLES,0.0,47.25507472447612,"🔹[IP1b]GK Restart(OS, long into the triangle, IB, shot)✅✅",0,,,,,,,,,,,,,,,,,,,,,,,,,,.
251129_Sunderland_AFCBournemouth_ANALYST2ANGLES,0.0,12.33007650965692,🔸[OP4]Low Block(IB)❌⚠️,0,,,,,,,,,,,,,,,,,,Zonal Direct Pass,,,,,,,,.
251129_Sunderland_AFCBournemouth_ANALYST2ANGLES,0.0,17.84011523289587,"🔹[IP1b]GK Restart(8”, played through, risky, foul against)✅⚠️",0,,,,,,,,,,,,,,,,,,,,,,,,,,.
251129_Sunderland_AFCBournemouth_ANALYST2ANGLES,0.0,27.430114589762297,🔹[IP3a]Progression(IB played under pressure / pressing trap)❌,0,,,,,,,,,,,,,,,,,,,,,,,,,,.
251129_Sunderland_AFCBournemouth_ANALYST2ANGLES,0.0,37.21639470580908,🔹🔸Defensive transition(counter-press)✅,0,,,,,,,,,,,,,,,,,,,,,,,,,,.
251129_Sunderland_AFCBournemouth_ANALYST2ANGLES,0.0,27.56060494224971,"🔹[OSP] Throw-in(R, HZ, 2nd ball)✅⭐️",0,,,,,,,,,,,,,,,,,,,,,,,,,,.
251129_Sunderland_AFCBournemouth_ANALYST2ANGLES,0.0,10.0,🔹[OSP] Penalty✅✅⚽️,0,,,,,,,,,,,,,,,,,,,,,,,,,,.
251129_Sunderland_AFCBournemouth_ANALYST2ANGLES,0.0,27.030160320614414,"🔹[IP2] Low Build-up (CB fixation, 2v1 on the right triangle)✅⭐️",0,,,,,,,,,,,,,,,,,,,,,,,,,,.
251129_Sunderland_AFCBournemouth_ANALYST2ANGLES,0.0,18.410105773730038,"🔸🔹Offensive transition(high regain, shot)✅",0,,,,,,,,,,,,,,,,,,,,,,,,,,.
251129_Sunderland_AFCBournemouth_ANALYST2ANGLES,0.0,20.550124968212458,🔸[OP3b]Mid Block(forwards' pressing triggers)✅,0,,,,,,,,,,,,,,,,,,,,,,,,,,.
251129_Sunderland_AFCBournemouth_ANALYST2ANGLES,0.0,56.79777753938606,"🔸[OP2]High Press(multiple high-press actions, long ball, 2nd ball, back in shape)🚧",0,,,,,,,,,,,,,,,,,,,,,,,,,,.
251129_Sunderland_AFCBournemouth_ANALYST2ANGLES,0.0,61.17259744569401,"🔸[OP4]Low Block(RSide worflow, cross 2nd phase)❌🔍",0,,,,,,,,,,,,,,,,,,,,,,,,,,.
251129_Sunderland_AFCBournemouth_ANALYST2ANGLES,0.0,35.81274436687818,"🔹[IP1a]GK Restart(spare man, long under pressure, 2nd ball)🚧",0,,,,,,,,,,,,,,,,,,,,,,,,,,.
251129_Sunderland_AFCBournemouth_ANALYST2ANGLES,0.0,48.290266107931984,🔹[IP4]Attacking Phase(L-RTriangle)🚧,0,,,,,,,,,,,,,,,,,,,,,,,,,,.
251129_Sunderland_AFCBournemouth_ANALYST2ANGLES,0.0,45.61524493566412,"🔸[OP1b]GK Restart(8"", multiple high-press actions, mid regain)✅⭐️",0,,,,,,,,,,,,,,,,,,,,,,,,,,.
251129_Sunderland_AFCBournemouth_ANALYST2ANGLES,0.0,26.880148141171958,"🔹[IP2]Low Build-up(long, 2nd ball)🚧",0,,,,,,,,,,,,,,,,,,,,,,,,,,.
251129_Sunderland_AFCBournemouth_ANALYST2ANGLES,0.0,25.550187461944006,"🔹[IP1b]GK Restart(8"", OS, long, 2nd ball)✅",0,,,,,,,,,,,,,,,,,,,,,,,,,,.
251129_Sunderland_AFCBournemouth_ANALYST2ANGLES,0.0,17.420110951452443,🔹[IP3a]Progression(CB IB for the RB)✅,0,,,,,,,,,,,,,,,,,,,,,,,,,,.
251129_Sunderland_AFCBournemouth_ANALYST2ANGLES,0.0,26.129807790321138,"🔹[OSP] Throw-in(R, 2nd phase, header)✅",0,,,,,,,,,,,,,,,,,,,,,,,,,,.
251129_Sunderland_AFCBournemouth_ANALYST2ANGLES,0.0,35.54178885148576,"🔸[OP1a]GK Restart(turnover, counter-attack)❌❌⚠️",0,,,,,,,,,,,,,,,,,,,,,,,,🔹🔸[DT] Back in,,.
251129_Sunderland_AFCBournemouth_ANALYST2ANGLES,0.0,27.0574807612129,"🔸[DSP] Corner(R, 2 phases)✅",0,,,,,,,,,,,,,,,,,,,,,,,,,,.
251129_Sunderland_AFCBournemouth_ANALYST2ANGLES,0.0,29.660180456816306,"🔹[IP2]Low Build-up(CB, through, 3rd man, IB)✅",0,,,,,,,,,,,,,,,,,,,,,,,,,,.
251129_Sunderland_AFCBournemouth_ANALYST2ANGLES,0.0,12.790089300040563,🔸[OP3b]Mid Block(zonal triggers)✅,0,,,,,,,,,,,,,,,,,,,,,,,,,,.
251129_Sunderland_AFCBournemouth_ANALYST2ANGLES,0.0,20.630131390783845,"🔹[IP3b]Progression(CB progression, feed the winger)✅",0,,,,,,,,,,,,,,,,,,,,,,,,,,.
251129_Sunderland_AFCBournemouth_ANALYST2ANGLES,0.0,19.992270402222402,🔹🔸Defensive transition(counter-attack)✅,0,,,,,,,,,,,,,,,,,,,,,,,,,,.
251129_Sunderland_AFCBournemouth_ANALYST2ANGLES,0.0,15.995592783133816,"🔹[OSP] Throw-in(R, MZ)❌",0,,,,,,,,,,,,,,,,,,,,,,,,,,.
251129_Sunderland_AFCBournemouth_ANALYST2ANGLES,0.0,23.23933805844763,🔸[OP4]Low Block(central corridor regain)✅,0,,,,,,,,,,,,,,,,,,,,,,,,,,.
251129_Sunderland_AFCBournemouth_ANALYST2ANGLES,0.0,17.180129847375156,"🔹[IP3b]Progression(U shape circulation, IB, 2nd ball, cross)✅",0,,,,,,,,,,,,,,,,,,,,,,,,,,.
251129_Sunderland_AFCBournemouth_ANALYST2ANGLES,0.0,24.87907094896582,"🔸[OP2]High Press(backpass, MFM, double run, long, 2nd balls)✅",0,,,,,,,,,,,,,,,,,,,,,,,,,,.
251129_Sunderland_AFCBournemouth_ANALYST2ANGLES,0.0,21.56631715432559,🔸[DSP] Free kick(L)✅,0,,,,,,,,,,,,,,,,,,,,,,,,,,.
251129_Sunderland_AFCBournemouth_ANALYST2ANGLES,0.0,35.508533320143215,🔹[IP2]Low Build-up(around)✅,0,,,,,,,,,,,,,,,,,,,,,,,,,,.
251129_Sunderland_AFCBournemouth_ANALYST2ANGLES,0.0,18.060098134995314,"🔹[IP3a]Progression(clear picture, low build-up)🚧⭐️",0,,,,,,,,,,,,,,,,,,,,,,,,,,.
251129_Sunderland_AFCBournemouth_ANALYST2ANGLES,0.0,21.09411854662949,🔸[OP3b]Mid Block(proactivity)✅⭐️,0,,,,,,,,,,,,,,,,,,,,,,,,,,.
251129_Sunderland_AFCBournemouth_ANALYST2ANGLES,0.0,24.393974498424086,"🔹[IP4]Attacking Phase(RTRiangle, cross)✅⭐️",0,,,,,,,,,,,,,,,,,,,,,,,,,,.
251129_Sunderland_AFCBournemouth_ANALYST2ANGLES,0.0,27.316734019439536,"🔹[OSP] Corner(poor delivery, 2 phases, counter-press, shot)✅✅",0,,,In-swinger,Pass,First Half,"Corner taken, Cross, Chipped",Enzo Le Fée,,,,,Sunderland,Center,,,,,,,,,,,,,.
251129_Sunderland_AFCBournemouth_ANALYST2ANGLES,0.0,37.74780405328784,"🔸[OP1a]GK Restart(HBlock, 2nd ball, shot)❌",0,,,,Miss,First Half,,Alex Scott,Individual Play,Right footed,"Out of box centre, Close right","Assisted, Regular play",Bournemouth,Center,,,,,,,,,,,,,.
251129_Sunderland_AFCBournemouth_ANALYST2ANGLES,0.0,8.86999999999989,🔸[OP5] Shot-blocker attitudes🚧🔍,0,,,,,,,,,,,,,,,,,,,,,,,,🚧,,.
251129_Sunderland_AFCBournemouth_ANALYST2ANGLES,0.0,29.0,"🔹[IP1a]GK Restart(HBlock, 2nd ball)✅✅",0,,,,Miss,First Half,,Alex Scott,Individual Play,Right footed,"Out of box centre, Close right","Assisted, Regular play",Bournemouth,Center,,,,,,,,,,,,,.
251129_Sunderland_AFCBournemouth_ANALYST2ANGLES,0.0,18.31999999999971,🔹[OSP] Kick-off✅,0,,,,,,,,,,,,,,,,,,,,,,,,✅,,.
251129_Sunderland_AFCBournemouth_ANALYST2ANGLES,0.0,32.520117056898016,🔹[OSP] Free kick(2nd phase)✅✅⚽️,0,,,,,,,,,,,,,,,,,,,,,,,,,,.
251129_Sunderland_AFCBournemouth_ANALYST2ANGLES,0.0,36.869888259472646,🔸[DSP] Kick-off,0,,,,,,,,,,,,,,,,,,,,,,,,❌❌,,.
251129_Sunderland_AFCBournemouth_ANALYST2ANGLES,0.0,15.824815290864535,"🔸[OP4]Low Block(RTRiangle, cross, box unit)❌❌",0,,,,,,,,,,,,,,,,,,,,,,,,,,.
251129_Sunderland_AFCBournemouth_ANALYST2ANGLES,0.0,25.970436973130745,"🔹[IP1a]GK Restart(HBlock, 2nd ball)❌",0,,,,,,,,,,,,,,,,,,,,,,,,,,.
251129_Sunderland_AFCBournemouth_ANALYST2ANGLES,0.0,20.48012373918482,"🔸[OP3b]Mid Block(through, RTriangle)❌",0,,,,,,,,,,,,,,,,,,,,,,,,,,.
251129_Sunderland_AFCBournemouth_ANALYST2ANGLES,0.0,14.300088397125364,"🔸[DSP] Throw-in(R, long)✅",0,,,,,,,,,,,,,,,,,,,,,,,,,,.
251129_Sunderland_AFCBournemouth_ANALYST2ANGLES,0.0,31.07904841060372,"🔸[OP3a]High Block(long, 1st contact, 2nd ball management)🚧",0,,,,,,,,,,,,,,,,,,,,,,,,,,.
251129_Sunderland_AFCBournemouth_ANALYST2ANGLES,0.0,22.348089627766967,"🔸[OP3b]Mid Block(good pressing triggers, IB, composure after the regain)✅⭐️",0,,,,,,,,,,,,,,,,,,,,,,,,,,.
251129_Sunderland_AFCBournemouth_ANALYST2ANGLES,0.0,25.560166734900122,"🔸[OP3b]Mid Block(proactive 4-4-2, IB management)✅",0,,,,,,,,,,,,,,,,,,,,,,,,,,.
251129_Sunderland_AFCBournemouth_ANALYST2ANGLES,0.0,17.410093582870104,"🔸[OP4]Low Block(RTRiangle, cross, box unit)🚧",0,,,,,,,,,,,,,,,,,,,,,,,,,,.
251129_Sunderland_AFCBournemouth_ANALYST2ANGLES,0.0,17.226382532799107,"🔸[DSP] Corner(R, 2 phases)✅",0,,,,,,,,,,,,,,,,,,,,,,,,,,.
251129_Sunderland_AFCBournemouth_ANALYST2ANGLES,0.0,27.16514805864699,"🔸[DSP] Corner(L, far post)✅",0,,,,,,,,,,,,,,,,,,,,,,,,,,.
251129_Sunderland_AFCBournemouth_ANALYST2ANGLES,0.0,16.333350148942372,🔸🔹Offensive transition(composure after the regain)✅,0,,,,,,,,,,,,,,,,,,,,,,,,,,.
251129_Sunderland_AFCBournemouth_ANALYST2ANGLES,0.0,39.84299164310323,"🔹[IP2]Low Build-up(1st phase ☑️, cheap turnover in a low zone, counter-attack)❌⚠️",0,,,,,,,,,,,,,,,,,,,,,,,,,,.
251129_Sunderland_AFCBournemouth_ANALYST2ANGLES,0.0,19.73276806726426,"🔹[IP1a]GK Restart(HBlock, 2nd ball)✅",0,,,,,,,,,,,,,,,,,,,,,,,,,,.
251129_Sunderland_AFCBournemouth_ANALYST2ANGLES,0.0,29.504053581988046,"🔸[OP2]High Press(MFM, long, 1st contact, off side)✅",0,,,,,,,,,,,,,,,,,,,,,,,,,,.
251129_Sunderland_AFCBournemouth_ANALYST2ANGLES,0.0,53.50129614239813,"🔸[OP4]Low Block(long sequence, composed defensively)✅",0,,,,,,,,,,,,,,,,,,,,,,,,,,.
251129_Sunderland_AFCBournemouth_ANALYST2ANGLES,0.0,24.980106989981323,"🔹[IP1a]GK Restart(OS, spare man, emergency clearance)❌",0,,,,,,,,,,,,,,,,,,,,,,,,,,.
251129_Sunderland_AFCBournemouth_ANALYST2ANGLES,0.0,23.5,"🔹[IP3a]Progression(CB progression, feed the winger)✅",0,,,,,,,,,,,,,,,,,,,,,,,,,,.
251129_Sunderland_AFCBournemouth_ANALYST2ANGLES,0.0,20.781523279677458,"🔸[OP1b]GK Restart(around, long, 2nd ball)✅",0,,,,,,,,,,,,,,,,,,,,,,,,,,.
251129_Sunderland_AFCBournemouth_ANALYST2ANGLES,0.0,32.84513770612557,"🔹[OSP] Throw-in(R, long fake, cross too short)🚧",0,,,,,,,,,,,,,,,,,,,,,,,,,,.
251129_Sunderland_AFCBournemouth_ANALYST2ANGLES,0.0,23.722367640645643,"🔸[OP1a]GK Restart(HBlock, 1st contact, 2nd ball)✅",0,,,,,,,,,,,,,,,,,,,,,,,,,,.
251129_Sunderland_AFCBournemouth_ANALYST2ANGLES,0.0,20.529991252834407,🔹[IP2]Low Build-up(long under pressure)🚧,0,,,,,,,,,,,,,,,,,,,,,,,,,,.
251129_Sunderland_AFCBournemouth_ANALYST2ANGLES,0.0,18.35995163993448,"🔸[OP2]High Press(MFM, silly foul)🚧",0,,,,,,,,,,,,,,,,,,,,,,,,,,.
251129_Sunderland_AFCBournemouth_ANALYST2ANGLES,0.0,48.59007115648092,"🔸[OP3b]Mid Block(proactivity, long, 2nd ball, RTriangle)✅⭐️",0,,,,,,,,,,,,,,,,,,,,,,,,,,.
251129_Sunderland_AFCBournemouth_ANALYST2ANGLES,0.0,25.25183925710553,"🔹[IP1a]GK Restart(OS, spare man, around, IB)✅✅",0,,,,,,,,,,,,,,,,,,,,,,,,,,.
251129_Sunderland_AFCBournemouth_ANALYST2ANGLES,0.0,26.100776303364,"🔹[OSP] Corner(R, 2 phases)✅✅",0,,,In-swinger,Pass,Second Half,"Cross, Corner taken, Chipped",Granit Xhaka,,,,,Sunderland,Center,,,,,,,,,,,,,.
251129_Sunderland_AFCBournemouth_ANALYST2ANGLES,0.0,20.999639893051608,"🔹[OSP] Throw-in(R, DZ, flip the pressure)✅",0,,,,,,,,,,,,,,,,,,,,,,,,,,.
251129_Sunderland_AFCBournemouth_ANALYST2ANGLES,0.0,23.708752927283967,🔹[OSP] Free kick(deep)✅,0,,,,,,,,,,,,,,,,,,,,,,,,,,.
251129_Sunderland_AFCBournemouth_ANALYST2ANGLES,0.0,17.920086561998687,"🔹[OSP] Corner(L, front post)✅✅⚽️",0,,Goal,In-swinger,Pass,Second Half,"Cross, Corner taken, Long ball, Chipped",Enzo Le Fée,,,,"From corner, Intentional assist",Sunderland,Center,,,,,,,,,,,,,.
251129_Sunderland_AFCBournemouth_ANALYST2ANGLES,0.0,27.99958903769857,🔸[DSP] Kick-off✅,0,,,,,,,,,,,,,,,,,,,,,,,,✅,,.
251129_Sunderland_AFCBournemouth_ANALYST2ANGLES,0.0,22.836305437204828,"🔸[OP2]High Press(long, 2nd ball, LTriangle)🚧",0,,,,,,,,,,,,,,,,,,,,,,,,,,.
251129_Sunderland_AFCBournemouth_ANALYST2ANGLES,0.0,30.130169464286155,"🔹[IP4]Attacking Phase(RTriangle, 2 crosses)🚧",0,,,,Pass,Second Half,Cross,Trai Hume,,,,,Sunderland,Center,,,,,,,,,,,,,.
251129_Sunderland_AFCBournemouth_ANALYST2ANGLES,0.0,18.331327466390576,"🔸[OP1a]GK Restart(OS, long, 1st contact/2nd ball)❌",0,,,,,,,,,,,,,,,,,,,,,,,,,,.
251129_Sunderland_AFCBournemouth_ANALYST2ANGLES,0.0,24.400176783224197,"🔸[OP4]Low Block(through, LTriangle, box unit)❌⚠️",0,,,,,,,,,,,,,,,,,,,,,,,,,,.
251129_Sunderland_AFCBournemouth_ANALYST2ANGLES,0.0,17.28011156069715,"🔹[IP1a]GK Restart(HBlock, 2nd ball)🚧",0,,,,,,,,,,,,,,,,,,,,,,,,,,.
251129_Sunderland_AFCBournemouth_ANALYST2ANGLES,0.0,27.70084217454587,"🔹[OSP] Free kick(deep, change the angle)✅",0,,,,,,,,,,,,,,,,,,,,,,,,,,.
251129_Sunderland_AFCBournemouth_ANALYST2ANGLES,0.0,19.711072629764203,"🔹[OSP] Throw-in(L, HZ, fake long)✅",0,,,,,,,,,,,,,,,,,,,,,,,,,,.
251129_Sunderland_AFCBournemouth_ANALYST2ANGLES,0.0,12.011488071664644,"🔹[OSP] Throw-in(R, HZ, long missed)❌",0,,,,,,,,,,,,,,,,,,,,,,,,,,.
251129_Sunderland_AFCBournemouth_ANALYST2ANGLES,0.0,27.558886306989734,"🔸[OP1a]GK Restart(OS, long, 1rst contact)❌",0,,,,,,,,,,,,,,,,,,,,,,,,,,.
251129_Sunderland_AFCBournemouth_ANALYST2ANGLES,0.0,13.300068577238562,"🔸[OP4]Low Block(LTriangle, cross)❌🔍",0,,,,,,,,,,,,,,,,,,,,,,,,,,.
251129_Sunderland_AFCBournemouth_ANALYST2ANGLES,0.0,51.13027005520689,"🔸[OP4]Low Block(deep press, switch to back 5)✅⭐️",0,,,,,,,,,,,,,,,,,,,,,,,,,,.
251129_Sunderland_AFCBournemouth_ANALYST2ANGLES,0.0,12.350068585173176,🔸[OP4]Low Block(LTriangle)❌,0,,,,,,,,,,,,,,,,,,,,,,,,,,.
251129_Sunderland_AFCBournemouth_ANALYST2ANGLES,0.0,26.304146327433045,🔹[IP1b]GK Restart(around/through)❌,0,,,,,,,,,,,,,,,,,,,,,,,,,,.
251129_Sunderland_AFCBournemouth_ANALYST2ANGLES,0.0,20.469957067743962,"🔸[OP4]Low Block(RTriangle dynamics, back-5 shifting, cross unit)✅⭐️",0,,,,,,,,,,,,,,,,,,,,,,,,,,.
251129_Sunderland_AFCBournemouth_ANALYST2ANGLES,0.0,12.363986302437297,"🔹[IP1b]GK Restart(around, sloppy pass)❌",0,,,,,,,,,,,,,,,,,,,,,,,,,,.
251129_Sunderland_AFCBournemouth_ANALYST2ANGLES,0.0,42.741874875597205,"🔸[OP4]Low Block(good shape, silly foul)🚧",0,,,,,,,,,,,,,,,,,,,,,,,,,,.
251129_Sunderland_AFCBournemouth_ANALYST2ANGLES,0.0,13.770059138515535,🔸[DSP] Free kick(direct near the post)❌❌,0,,,,Miss,Second Half,,Enes Ünal,,Right footed,"Out of box centre, Close left","Free kick, Not assisted",Bournemouth,Center,,,,,,,,,,,,,.
251129_Sunderland_AFCBournemouth_ANALYST2ANGLES,0.0,12.020069767828318,"🔹[IP1a]GK Restart(HBlock, inaccuracy)❌",0,,,,,,,,,,,,,,,,,,,,Compact Shape: LONG,,,,,,.
251129_Sunderland_AFCBournemouth_ANALYST2ANGLES,0.0,25.300150886308074,🔸[OP3b]Mid Block(proactive 4-4-2)✅,0,,,,,,,,,,,,,,,,,,,,,,,,,,.
251129_Sunderland_AFCBournemouth_ANALYST2ANGLES,0.0,10.69006797233942,🔸🔹Offensive transition(quick turnover after the regain)❌,0,,,,,,,,,,,,,,,,,,,,,,,,,,.
251129_Sunderland_AFCBournemouth_ANALYST2ANGLES,0.0,73.87042281123922,"🔸[OP4]Low Block(long sequence, cross, 2nd phase, shot off the bar)❌❌",0,,,,,,,,,,,,,,,,,,,,,,,,"❌❌, ❌❌",,.
251129_Sunderland_AFCBournemouth_ANALYST2ANGLES,0.0,19.330108511055187,"🔹[OSP] Free kick(L, 2-man, cross)✅",0,,,,Pass,Second Half,"Free kick taken, Direct",Granit Xhaka,,,,,Sunderland,Left,,,,,,,,,,,,,.
251129_Sunderland_AFCBournemouth_ANALYST2ANGLES,0.0,13.066443099677599,🔸[DSP] Free kick(L)✅,0,,,,,,,,,,,,,,,,,,,,,,,,,,.
251129_Sunderland_AFCBournemouth_ANALYST2ANGLES,0.0,66.49545446634329,🔸[OP4]Low Block(proactive 5-4-1)✅,0,,,,,,,,,,,,,,,,,,,,,,,,,,.
251129_Sunderland_AFCBournemouth_ANALYST2ANGLES,0.0,21.330907563222354,🔹[OSP] Free kick(deep)✅,0,,,,,,,,,,,,,,,,,,,,,,,,,,.
251129_Sunderland_AFCBournemouth_ANALYST2ANGLES,0.0,27.480104387330357,🔸[OP1a]GK Restart(HBlock)✅,0,,,,,,,,,,,,,,,,,,,,,,,,,,.
251129_Sunderland_AFCBournemouth_ANALYST2ANGLES,0.0,14.269979882369626,🔸[OP3b]Mid Block(proactive 5-4-1)✅,0,,,,,,,,,,,,,,,,,,,,,,,,,,.
251129_Sunderland_AFCBournemouth_ANALYST2ANGLES,0.0,8.510034126098617,"🔹[OSP] Free kick(deep, sloppy delivery)❌",0,,,,,,,,,,,,,,,,,,,,,,,,,,.
251129_Sunderland_AFCBournemouth_ANALYST2ANGLES,0.0,33.56021399776819,"🔸[OP1a]GK Restart(OS, long)✅",0,,,,,,,,,,,,,,,,,,,,,,,,,,.
251129_Sunderland_AFCBournemouth_ANALYST2ANGLES,0.0,23.079940884354073,🔸[OP2]High Press(2nd phase)✅,0,,,,,,,,,,,,,,,,,,,,,,,,,,.
251129_Sunderland_AFCBournemouth_ANALYST2ANGLES,0.0,25.558720081514366,"🔸🔹Offensive transition(1st steps ok, sloppy after)❌",0,,,,,,,,,,,,,,,,,,,,,,,,,,.
251129_Sunderland_AFCBournemouth_ANALYST2ANGLES,0.0,20.470080471938672,"🔸🔹Offensive transition(1st steps ok, sloppy after)❌",0,,,,,,,,,,,,,,,,,,,,,,,,,,.
251129_Sunderland_AFCBournemouth_ANALYST2ANGLES,0.0,27.41001432470057,🔸🔹Offensive transition(foul gained)✅,0,,,,,,,,,,,,,,,,,,,,,,,,,,.
251129_Sunderland_AFCBournemouth_ANALYST2ANGLES,0.0,18.48133760350629,"🔹[OSP] Free kick(front-post routine, 2-man combination)🚧",0,,,,,,,,,,,,,,,,,,,,,,,,,,.
251129_Sunderland_AFCBournemouth_ANALYST2ANGLES,0.0,25.207931771695257,"🔹[OSP] Throw-in(R, MZ)🚧",0,,,,,,,,,,,,,,,,,,,,,,,,,,.
251129_Sunderland_AFCBournemouth_ANALYST2ANGLES,0.0,16.466971318144715,🔸[OP4]Low Block(direct play)✅,0,,,,,,,,,,,,,,,,,,,,,,,,,,.
251129_Sunderland_AFCBournemouth_ANALYST2ANGLES,0.0,20.329981981292804,🔸[OP4]Low Block(cross)✅,0,,,,,,,,,,,,,,,,,,,,,,,,,,.
251129_Sunderland_AFCBournemouth_ANALYST2ANGLES,0.0,21.0,🔸[OP4]Low Block(cross)✅,0,,,,,,,,,,,,,,,,,,,,,,,,,,.