Timeline,Start time,Duration,Row,Instance number,<flag>.,Adversaire,Assist,Contexte,Corner Taken,Date,Event,HALF TIME,Half,Journée,Lieu,MINUTE,Pass,Player,Pourcentage,Qualite,Score final,Shot,Shot Body Part,Shot Location Descriptors,Shot Pattern of Play,TIME PERIOD,Team,Type action,Zone,✅✅,❌❌,Ungrouped,Notes,Flags
251220_Brighton_Sunderland_ANALYST1,0.0,21.70607105922751,🔹[OSP] Kick-off🚧,0,,,,,,,,,,,,,,,,,,,,,,,,,,,,,,.
251220_Brighton_Sunderland_ANALYST1,0.0,22.4701475204688,🔸[OP2]High Press(triggered by throw-in)✅,0,,,,,,,,,,,,,,,,,,,,,,,,,,,,,,.
251220_Brighton_Sunderland_ANALYST1,0.0,23.954219388656185,"🔸[OP2]High Press(long, 2nd ball, lack composure)✅",0,,,,,,,,,,,,,,,,,,,,,,,,,,,,,,.
251220_Brighton_Sunderland_ANALYST1,0.0,34.036362411236894,"🔸[OP2]High Press(3rd situation, IB, flick-on, switches)🚧",0,,,,,,,,,,,,,,,,,,,,,,,,,,,,,,.
251220_Brighton_Sunderland_ANALYST1,0.0,24.474429713937553,"🔸[DSP] Corner(L, 1st contact, off side)❌❌",0,,,,,In-swinger,,Pass,,First Half,,,,"Chipped, Long ball, Cross, Corner taken",Maxim De Cuyper,,,,,,,,,Brighton and Hove Albion,,Center,,,❌❌,,.
251220_Brighton_Sunderland_ANALYST1,0.0,10.840072534511876,"🔹[IP1a]GK Restart(OS, around, v MFM)🚧",0,,,,,,,,,,,,,,,,,,,,,,,,,,,,,,.
251220_Brighton_Sunderland_ANALYST1,0.0,12.305184131519184,"🔹[OSP] Throw-in(R, DZ, block, 2nd run)🚧⭐️",0,,,,,,,,,,,,,,,,,,,,,,,,,,,,,,.
251220_Brighton_Sunderland_ANALYST1,0.0,21.783328740534273,"🔸[OP2]High Press(switches, mid regain)✅",0,,,,,,,,,,,,,,,,,,,,,,,,,,,,,,.
251220_Brighton_Sunderland_ANALYST1,0.0,31.367147904117758,"🔹[IP3b]Progression(8 drops, RSide overload, work in progress)✅⭐️",0,,,,,,,,,,,,,,,,,,,,,,,,,,,,,,.
251220_Brighton_Sunderland_ANALYST1,0.0,20.16253073719247,"🔹[OSP] Throw-in(R, HZ, long, 2nd phase, counter-attack)🚧",0,,,,,,,,,,,,,,,,,,,,,,,,,,,,,,.
251220_Brighton_Sunderland_ANALYST1,0.0,21.900164522940884,"🔹[IP3a]Progression(LCB steps in, opportunity to feet with striker)❌🔍",0,,,,,,,,,,,,,,,,,,,,,,,,,,,,,,.
251220_Brighton_Sunderland_ANALYST1,0.0,11.980064310700243,"🔸[OP2]High Press(MFM, high regain)✅",0,,,,,,,,,,,,,,,,,,,,,,,,,,,,,,.
251220_Brighton_Sunderland_ANALYST1,0.0,14.440081668171217,"🔹[IP4]Attacking Phase(LW 1v1 lost, counter-press)❌",0,,,,,,,,,,,,,,,,,,,,,,,,,,,,,,.
251220_Brighton_Sunderland_ANALYST1,0.0,19.900133971902676,"🔹[IP3b]Progression(6 drops, RSide overload, 10 option?)✅⭐️",0,,,,,,,,,,,,,,,,,,,,,,,,,,,,,,.
251220_Brighton_Sunderland_ANALYST1,0.0,12.581352530041727,"🔹[OSP] Throw-in(R, HZ, long, 1st conact, counter-press)🚧",0,,,,,,,,,,,,,,,,,,,,,,,,,,,,,,.
251220_Brighton_Sunderland_ANALYST1,0.0,43.10660307350474,"🔸[OP3b]Mid Block(3 phases, duel, turnover, regain)🚧",0,,,,,,,,,,,,,,,,,,,,,,,,,,,,,,.
251220_Brighton_Sunderland_ANALYST1,0.0,21.68897354006333,"🔹[IP3a]Progression(switch IB opposite W, 2v1, cross)✅⭐️",0,,,,,,,,,,,,,,,,,,,,,,,,,,,,,,.
251220_Brighton_Sunderland_ANALYST1,0.0,12.0,"🔹[IP4]Attacking Phase(LSide, cross from assist zone)🚧",0,,,,,,,,,,,,,,,,,,,,,,,,,,,,,,.
251220_Brighton_Sunderland_ANALYST1,0.0,15.130102419766104,"🔹[OSP] Corner(L, delivery?, setup?)🚧",0,,,,,In-swinger,,Pass,,First Half,,,,"Chipped, Corner taken, Cross",Enzo Le Fée,,,,,,,,,Sunderland,,Center,,,,,.
251220_Brighton_Sunderland_ANALYST1,0.0,29.090214202633206,"🔸[OP1a]GK Restart(OS, long, 2nd ball)✅",0,,,,,,,,,,,,,,,,,,,,,,,,,,,,,,.
251220_Brighton_Sunderland_ANALYST1,0.0,20.130131380596936,"🔹[IP3a]Progression(opportunity to recycle CB-LB, IB, turnover)❌",0,,,,,,,,,,,,,,,,,,,,,,,,,,,,,,.
251220_Brighton_Sunderland_ANALYST1,0.0,16.97638870346327,"🔹[IP2]Low Build-up(under pressure, Front3, 2nd ball)✅",0,,,,,,,,,,,,,,,,,,,,,,,,,,,,,,.
251220_Brighton_Sunderland_ANALYST1,0.0,20.068700407255506,🔹[IP4]Attacking Phase(RTRiangle)❌,0,,,,,,,,,,,,,,,,,,,,,,,,,,,,,,.
251220_Brighton_Sunderland_ANALYST1,0.0,14.609482735917936,🔹🔸Defensive transition(counter-press)✅⭐️,0,,,,,,,,,,,,,,,,,,,,,,,,,,,,,,.
251220_Brighton_Sunderland_ANALYST1,0.0,13.060090516026548,"🔸[OP3b]Mid Block(LTriangle, on the edge, lack composure after the regain)❌🔍",0,,,,,,,,,,,,,,,,,,,,,,,,,,,,,,.
251220_Brighton_Sunderland_ANALYST1,0.0,10.960008238395858,🔸[OP3b]Mid Block(IB/diag)✅,0,,,,,,,,,,,,,,,,,,,,,,,,,,,,,,.
251220_Brighton_Sunderland_ANALYST1,0.0,19.030116117385546,"🔹[IP2]Low Build-up(around, into the striker, flip the pressure, hold the ball)✅⭐️",0,,,,,,,,,,,,,,,,,,,,,,,,,,,,,,.
251220_Brighton_Sunderland_ANALYST1,0.0,29.924068486867327,"🔹[OSP] Free kick(RSide, far post, blocks? 2nd phase, shot)✅",0,,,,,,,,,,,,,,,,,,,,,,,,,,,,,,.
251220_Brighton_Sunderland_ANALYST1,0.0,20.740128924644978,"🔸[OP3b]Mid Block(, IB on the edge, cross, good control)✅⚠️",0,,,,,,,,,,,,,,,,,,,,,,,,,,,,,,.
251220_Brighton_Sunderland_ANALYST1,0.0,23.590150265032776,"🔹[IP1b]GK Restart(8"", wrong side, locked in MFM, long into 9, turnover)❌",0,,,,,,,,,,,,,,,,,,,,,,,,,,,,,,.
251220_Brighton_Sunderland_ANALYST1,0.0,29.60863861329358,"🔸[OP3b]Mid Block(narrow first, mid regain)✅",0,,,,,,,,,,,,,,,,,,,,,,,,,,,,,,.
251220_Brighton_Sunderland_ANALYST1,0.0,20.914662997730943,"🔹[IP3a]Progression(through, opposite winger)✅⭐️",0,,,,,,,,,,,,,,,,,,,,,,,,,,,,,,.
251220_Brighton_Sunderland_ANALYST1,0.0,15.36463863538836,🔹[IP4]Attacking Phase(LSide dynamics)🚧,0,,,,,,,,,,,,,,,,,,,,,,,,,,,,,,.
251220_Brighton_Sunderland_ANALYST1,0.0,20.313227336425484,"🔹[IP4]Attacking Phase(R10 pocket, cross)✅⭐️",0,,,,,,,,,,,,,,,,,,,,,,,,,,,,,,.
251220_Brighton_Sunderland_ANALYST1,0.0,21.304232599509646,"🔸[OP1b]GK Restart(8"", long, clean regain)✅⭐️",0,,,,,,,,,,,,,,,,,,,,,,,,,,,,,,.
251220_Brighton_Sunderland_ANALYST1,0.0,13.790083221729901,"🔹[IP2]Low Build-up(arpund, sloppy, LW too low)❌🔍",0,,,,,,,,,,,,,,,,,,,,,,,,,,,,,,.
251220_Brighton_Sunderland_ANALYST1,0.0,12.560078333745196,🔸[OP4]Low Block(individual mistakes)❌,0,,,,,,,,,,,,,,,,,,,,,,,,,,,,,,.
251220_Brighton_Sunderland_ANALYST1,0.0,13.266011708445603,"🔸[DSP] Free kick(wall jumped, ball under)🚧",0,,,,,,,,,,,,,,,,,,,,,,,,,,,,,,.
251220_Brighton_Sunderland_ANALYST1,0.0,24.932645827178703,"🔹[IP1b]GK Restart(8"", v MFM, spare man?)❌",0,,,,,,,,,,,,,,,,,,,,,,,,,,,,,,.
251220_Brighton_Sunderland_ANALYST1,0.0,37.01227470527442,🔹[OSP] Free kick(2 phases)✅,0,,,,,,,,,,,,,,,,,,,,,,,,,,,,,,.
251220_Brighton_Sunderland_ANALYST1,0.0,16.870075909132993,"🔹[OSP] Corner(L, 1st contact)🚧",0,,,Miss,,In-swinger,,Pass,,First Half,,,,"Long ball, Cross, Corner taken, Chipped",Enzo Le Fée,,,,,,,Intentional assist,,Sunderland,,Center,,,,,.
251220_Brighton_Sunderland_ANALYST1,0.0,27.583309725043364,"🔸[OP1a]GK Restart(OS, short CB)❌",0,,,,,,,,,,,,,,,,,,,,,,,,,,,,,,.
251220_Brighton_Sunderland_ANALYST1,0.0,29.542180306628097,"🔸[OP4]Low Block(zonal references, turnover)🚧🔍",0,,,,,,,,,,,,,,,,,,,,,,,,,,,,,,.
251220_Brighton_Sunderland_ANALYST1,0.0,39.13252457125054,"🔹[IP1b]GK Restart(8"", switches)🚧🔍",0,,,,,,,,,,,,,,,,,,,,,,,,,,,,,,.
251220_Brighton_Sunderland_ANALYST1,0.0,26.79854418558898,"🔸[OP2]High Press(MFM, possession not secured)🚧",0,,,,,,,,,,,,,,,,,,,,,,,,,,,,,,.
251220_Brighton_Sunderland_ANALYST1,0.0,33.16299476088534,"🔸[OP2]High Press(MFM, switches, long, on the edge)✅🔍",0,,,,,,,,,,,,,,,,,,,,,,,,,,,,,,.
251220_Brighton_Sunderland_ANALYST1,0.0,41.82460515519301,"🔹[IP2]Low Build-up(into the pressing trap, long, 2nd ball)❌",0,,,,,,,,,,,,,,,,,,,,,,,,,,,,,,.
251220_Brighton_Sunderland_ANALYST1,0.0,30.028278308027893,"🔹[IP1a]GK Restart(HBlock, 2nd ball, face the pressure)✅",0,,,,,,,,,,,,,,,,,,,,,,,,,,,,,,.
251220_Brighton_Sunderland_ANALYST1,0.0,26.925656426504247,"🔹[IP2]Low Build-up(switches, sloppy after)🚧🔍",0,,,,,,,,,,,,,,,,,,,,,,,,,,,,,,.
251220_Brighton_Sunderland_ANALYST1,0.0,47.685081477391805,"🔸[OP2]High Press(MFM, mid regain)✅",0,,,,,,,,,,,,,,,,,,,,,,,,,,,,,,.
251220_Brighton_Sunderland_ANALYST1,0.0,26.443289046418613,"🔸[OP1a]GK Restart(MFM, throw in)✅",0,,,,,,,,,,,,,,,,,,,,,,,,,,,,,,.
251220_Brighton_Sunderland_ANALYST1,0.0,17.114197266534802,"🔸[OP2]High Press(MFM, high regain)✅",0,,,,,,,,,,,,,,,,,,,,,,,,,,,,,,.
251220_Brighton_Sunderland_ANALYST1,0.0,17.0034450109888,"🔹[OSP] Free kick(angle changed, 1st contact)✅",0,,,,,,,,,,,,,,,,,,,,,,,,,,,,,,.
251220_Brighton_Sunderland_ANALYST1,0.0,25.847000095370277,"🔸[OP1b]GK Restart(8”, MFM disengaged, zonal IB)🚧🔍",0,,,,,,,,,,,,,,,,,,,,,,,,,,,,,,.
251220_Brighton_Sunderland_ANALYST1,0.0,19.00007773442462,"🔹[IP1a]GK Restart(OS, long)❌",0,,,,,,,,,,,,,,,,,,,,,,,,,,,,,,.
251220_Brighton_Sunderland_ANALYST1,0.0,50.941100548040595,"🔸[OP2]High Press(short, turnovers/regains)✅",0,,,,,,,,,,,,,,,,,,,,,,,,,,,,,,.
251220_Brighton_Sunderland_ANALYST1,0.0,36.7790087458925,"🔹[OSP] Free kick(wide, 2 phases)🚧",0,,,,,,,,,,,,,,,,,,,,,,,,,,,,,,.
251220_Brighton_Sunderland_ANALYST1,0.0,42.31437758465154,"🔸[OP1a]GK Restart(short, 2 phases)✅",0,,,,,,,,,,,,,,,,,,,,,,,,,,,,,,.
251220_Brighton_Sunderland_ANALYST1,0.0,24.425611485445643,"🔸[OP2]High Press(MFM, mid regain)✅",0,,,,,,,,,,,,,,,,,,,,,,,,,,,,,,.
251220_Brighton_Sunderland_ANALYST1,0.0,27.18282214449755,"🔸🔹Offensive transition(post MFM, cross, shot)✅⭐️",0,,,,,,,,,,,,,,,,,,,,,,,,,,,,,,.
251220_Brighton_Sunderland_ANALYST1,0.0,23.91005702261191,"🔹🔸Defensive transition(counter-attack, winger's management)✅⭐️",0,,,,,,,,,,,,,,,,,,,,,,,,,,,,,,.
251220_Brighton_Sunderland_ANALYST1,0.0,34.23310295095598,"🔹[IP3b]Progression(spaces too thight, switch needed)❌",0,,,,,,,,,,,,,,,,,,,,,,,,,,,,,,.
251220_Brighton_Sunderland_ANALYST1,0.0,26.582351504449434,"🔹🔸Defensive transition(turnover, conter-attack, cross)❌⚠️",0,,,,,,,,,,,,,,,,,,,,,,,,,,,,,,.
251220_Brighton_Sunderland_ANALYST1,0.0,15.855140483593004,🔸[DSP] Free kick(wide)✅,0,,,,,,,,,,,,,,,,,,,,,,,,,,,,,,.
251220_Brighton_Sunderland_ANALYST1,0.0,20.975214305738973,🔸🔹Offensive transition(counter-attack)✅,0,,,,,,,,,,,,,,,,,,,,,,,,,,,,,,.
251220_Brighton_Sunderland_ANALYST1,0.0,35.143555068363185,"🔹[OSP] Corner(L, 2 phases)✅✅",0,,,,,In-swinger,,Pass,,First Half,,,,"Chipped, Cross, Corner taken",Enzo Le Fée,,,,,,,,,Sunderland,,Center,,,,,.
251220_Brighton_Sunderland_ANALYST1,0.0,12.580068883597505,"🔹[OSP] Throw-in(L, MZ)❌",0,,,,,,,,,,,,,,,,,,,,,,,,,,,,,,.
251220_Brighton_Sunderland_ANALYST,0.0,27.64300000000003,🔹[IP3b]Progression(IB)✅✅,0,,,,,,,"Attempt Saved, Miss",,"First Half, First Half",,,,,"Brian Brobbey, Chris Rigg",,,,"Individual Play, Mishit, First Touch, Not past goal line, Individual Play, Volley","Right footed, Left footed","Low centre, Box-right, Out of box centre, Left","Not assisted, Regular play, Not assisted, Regular play",,"Sunderland, Sunderland",,"Center, Center",,,,,.
251220_Brighton_Sunderland_ANALYST,0.0,17.000088384353603,"🔹[IP4]Attacking Phase(2nd phase, IB, cross, shot)✅✅",0,,,,,,,Attempt Saved,,First Half,,,,,Chris Rigg,,,,First Touch,Left footed,"Blocked, Box-centre, Low centre","Regular play, Assisted, Intentional assist",,Sunderland,,Center,,,,,.
251220_Brighton_Sunderland_ANALYST,0.0,23.360095088314665,"🔸[OP1a]GK Restart(MFM, long)✅",0,,,,,,,,,,,,,,,,,,,,,,,,,,,,,,.
251220_Brighton_Sunderland_ANALYST,0.0,17.230094800170264,🔸[OP3b]Mid Block(switch/IB)✅,0,,Brighton,,Contexte,,20251220,,MT 0,,Journée 17,Exterieur,89,,,100%,+,0/0,,,,,80 - 90,,DPlacee,,,,,,.
251220_Brighton_Sunderland_ANALYST,0.0,23.810143884637,"🔸[OP4]Low Block(2 crosses, 2 phases)🚧",0,,Brighton,,Contexte,,20251220,,MT 0,,Journée 17,Exterieur,89,,,80%,-,0/0,,,,,80 - 90,,DPlacee,,,,,,.
251220_Brighton_Sunderland_ANALYST,0.0,17.100086875337183,"🔹[IP1a]GK Restart(HBlock, 2nd ball)❌",0,,,,,,,,,,,,,,,,,,,,,,,,,,,,,,.
251220_Brighton_Sunderland_ANALYST,0.0,30.883875276944764,"🔸[OP3b]Mid Block(delay LSide, shot)❌⚠️",0,,,,,,,,,,,,,,,,,,,,,,,,,,,,,,.
251220_Brighton_Sunderland_ANALYST,0.0,10.840064934213842,🔸[OP3b]Mid Block(triggers RSide)✅,0,,,,,,,,,,,,,,,,,,,,,,,,,,,,,,.
251220_Brighton_Sunderland_ANALYST,0.0,24.770149055422735,"🔹[OSP] Throw-in(R, long, 2nd phase, cross/header)✅✅",0,,,,,,,,,,,,,,,,,,,,,,,,,,,,✅✅,,.
251220_Brighton_Sunderland_ANALYST,0.0,13.35006858732504,"🔹[OSP] Corner(L, front post)🚧",0,,,,,In-swinger,,Pass,,Second Half,,,,"Chipped, Cross, Corner taken",Enzo Le Fée,,,,,,,,,Sunderland,,Center,,,,,.
251220_Brighton_Sunderland_ANALYST,0.0,19.810114902476926,"🔹[OSP] Throw-in(R, long, 2nd phase, cross missed)🚧",0,,,,,,,,,,,,,,,,,,,,,,,,,,,,,,.
251220_Brighton_Sunderland_ANALYST,0.0,27.479667274813437,🔹🔸Defensive transition(counter-attack)✅,0,,,,,,,,,,,,,,,,,,,,,,,,,,,,,,.
251220_Brighton_Sunderland_ANALYST,0.0,34.86024902568897,"🔸[OP4]Low Block(IB, cross, penalty spot)❌❌",0,,,,,,,,,,,,,,,,,,,,,,,,,,,,,,.
251220_Brighton_Sunderland_ANALYST,0.0,10.94007711512586,"🔹[IP1a]GK Restart(OS, long, unclear setup)❌",0,,,,,,,,,,,,,,,,,,,,,,,,,,,,,,.
251220_Brighton_Sunderland_ANALYST,0.0,20.500141743468703,"🔸[OP2]High Press(OS, long)✅",0,,,,,,,,,,,,,,,,,,,,,,,,,,,,,,.
251220_Brighton_Sunderland_ANALYST,0.0,19.85264740952607,"🔹[IP2]Low Build-up(OS, long)✅",0,,,,,,,,,,,,,,,,,,,,,,,,,,,,,,.
251220_Brighton_Sunderland_ANALYST,0.0,30.300902897990454,"🔹[IP4]Attacking Phase(RSide, spaces too thight, switch needed)🚧",0,,,,,,,,,,,,,,,,,,,,,,,,,,,,,,.
251220_Brighton_Sunderland_ANALYST,0.0,40.3723175919331,"🔹[IP4]Attacking Phase(switch, RTriangle, 2 crosses)✅⭐️",0,,,,,,,,,,,,,,,,,,,,,,,,,,,,,,.
251220_Brighton_Sunderland_ANALYST,0.0,35.9501981250196,"🔹[IP4]Attacking Phase(LTriangle, dynamic?)🚧🔍",0,,,,,,,,,,,,,,,,,,,,,,,,,,,,,,.
251220_Brighton_Sunderland_ANALYST,0.0,25.570202407669058,"🔹[IP3a]Progression(spare man, vertical, shot)✅✅",0,,,,,,,,,,,,,,,,,,,,,,,,,,,,,,.
251220_Brighton_Sunderland_ANALYST,0.0,14.290092350647683,"🔸[OP1a]GK Restart(OS, long)✅",0,,,,,,,,,,,,,,,,,,,,,,,,,,,,,,.
251220_Brighton_Sunderland_ANALYST,0.0,41.52381366807822,"🔸[OP2]High Press(MFM, lack of intensity)🚧",0,,,,,,,,,,,,,,,,,,,,,,,,,,,,,,.
251220_Brighton_Sunderland_ANALYST,0.0,16.39341086051536,"🔸[OP3b]Mid Block(wide, through, lack of intensity)❌⚠️",0,,,,,,,,,,,,,,,,,,,,,,,,,,,,,,.
251220_Brighton_Sunderland_ANALYST,0.0,17.060143825857267,"🔹[IP1a]GK Restart(spare man, around)✅⭐️",0,,,,,,,,,,,,,,,,,,,,,,,,,,,,,,.
251220_Brighton_Sunderland_ANALYST,0.0,18.97010789748947,"🔹[OSP] Free kick(deep, change the angle)❌",0,,,,,,,,,,,,,,,,,,,,,,,,,,,,,,.
251220_Brighton_Sunderland_ANALYST,0.0,19.08012681465425,🔸[OP1a]GK Restart(HBlock)✅⭐️,0,,,,,,,,,,,,,,,,,,,,,,,,,,,,,,.
251220_Brighton_Sunderland_ANALYST,0.0,25.028075424383132,"🔹🔸Defensive transition(conter-attack, Minteh)✅⭐️",0,,,,,,,,,,,,,,,,,,,,,,,,,,,,,,.
251220_Brighton_Sunderland_ANALYST,0.0,16.3201033336818,"🔸🔹Offensive transition(flip the pressure,striker)❌",0,,,,,,,,,,,,,,,,,,,,,,,,,,,,,,.
251220_Brighton_Sunderland_ANALYST,0.0,23.370132306210508,"🔸[OP3b]Mid Block(through, wide, cross)🚧🔍",0,,,,,,,,,,,,,,,,,,,,,,,,,,,,,,.
251220_Brighton_Sunderland_ANALYST,0.0,25.01856141976168,"🔹[IP1a]GK Restart(spare man, striker)❌🔍",0,,,,,,,,,,,,,,,,,,,,,,,,,,,,,,.
251220_Brighton_Sunderland_ANALYST,0.0,18.520115527747294,"🔹[IP1a]GK Restart(around, striker off side)❌🔍",0,,,,,,,,,,,,,,,,,,,,,,,,,,,,,,.
251220_Brighton_Sunderland_ANALYST,0.0,16.430137482273494,"🔸[OP3b]Mid Block(wide, inside, wide, lack of intensity)❌🔍",0,,,,,,,,,,,,,,,,,,,,,,,,,,,,,,.
251220_Brighton_Sunderland_ANALYST,0.0,23.470124663557726,"🔹[IP1a]GK Restart(HBlock, 2nd ball)❌",0,,,,,,,,,,,,,,,,,,,,,,,,,,,,,,.
251220_Brighton_Sunderland_ANALYST,0.0,36.39505155266306,"🔸[DSP] Throw-in(R, HZ, change the angle, cross)🚧🔍",0,,,,,,,,,,,,,,,,,,,,,,,,,,,,,,.
251220_Brighton_Sunderland_ANALYST,0.0,21.170121627059416,🔹[IP2]Low Build-up(flip the pressure)❌,0,,,,,,,,,,,,,,,,,,,,,,,,,,,,,,.
251220_Brighton_Sunderland_ANALYST,0.0,32.15022558228793,🔸[OP4]Low Block(2 crosses)✅⭐️,0,,,,,,,,,,,,,,,,,,,,,,,,,,,,,,.
251220_Brighton_Sunderland_ANALYST,0.0,19.545813152292794,"🔹[OSP] Throw-in(R, MZ, flip the pressure)✅",0,,,,,,,,,,,,,,,,,,,,,,,,,,,,,,.
251220_Brighton_Sunderland_ANALYST,0.0,32.95020728450618,"🔹[IP4]Attacking Phase(LTriangle, cross, header)✅⭐️",0,,,,,,,,,,,,,,,,,,,,,,,,,,,,,,.
251220_Brighton_Sunderland_ANALYST,0.0,18.700128023791876,"🔸[OP1a]GK Restart(OS, MFM, switch)✅",0,,,,,,,,,,,,,,,,,,,,,,,,,,,,,,.
251220_Brighton_Sunderland_ANALYST,0.0,14.380082609499368,"🔹[IP2]Low Build-up(long ball, inaccurate)❌",0,,,,,,,,,,,,,,,,,,,,,,,,,,,,,,.
251220_Brighton_Sunderland_ANALYST,0.0,16.210096629873078,🔸[OP3a]High Block(zonal)✅⭐️,0,,,,,,,,,,,,,,,,,,,,,,,,,,,,,,.
251220_Brighton_Sunderland_ANALYST,0.0,23.450140227391785,"🔹[IP3b]Progression(around, IB, cross edge of the box)✅✅",0,,,,,,,,,,,,,,,,,,,,,,,,,,,,,,.
251220_Brighton_Sunderland_ANALYST,0.0,25.622680473967193,"🔹[IP3b]Progression(through the striker, LTriangle, shot)✅⭐️",0,,,,,,,,,,,,,,,,,,,,,,,,,,,,,,.
251220_Brighton_Sunderland_ANALYST,0.0,27.35015393236972,"🔸[OP1b]GK Restart(8"", long, first contact)✅",0,,,,,,,,,,,,,,,,,,,,,,,,,,,,,,.
251220_Brighton_Sunderland_ANALYST,0.0,46.546262513800684,"🔸[OP4]Low Block(switch, 1v1, 2 crosses)✅⭐️",0,,,,,,,,,,,,,,,,,,,,,,,,,,,,,,.
251220_Brighton_Sunderland_ANALYST,0.0,19.46010416491663,"🔹[IP1a]GK Restart(HBlock, 2nd ball)✅",0,,,,,,,,,,,,,,,,,,,,,,,,,,,,,,.
251220_Brighton_Sunderland_ANALYST,0.0,26.450167663213506,"🔸[OP4]Low Block(RTRiangle, 1v1)✅⭐️",0,,,,,,,,,,,,,,,,,,,,,,,,,,,,,,.
251220_Brighton_Sunderland_ANALYST,0.0,9.140069514245624,"🔹[IP1a]GK Restart(HBlock, poor block)❌",0,,,,,,,,,,,,,,,,,,,,,,,,,,,,,,.
251220_Brighton_Sunderland_ANALYST,0.0,65.77442686133872,"🔸[OP4]Low Block(zonal workflow, foul in LTRiangle)🚧",0,,,,,,,,,,,,,,,,,,,,,,,,,,,,,,.
251220_Brighton_Sunderland_ANALYST,0.0,12.270072862955203,"🔸[OP4]Low Block(LTriangle, on the edge)✅",0,,,,,,,Pass,,Second Half,,,,"Free kick taken, Direct",Joël Veltman,,,,,,,,,Brighton and Hove Albion,,Right,,,,,.
251220_Brighton_Sunderland_ANALYST,0.0,31.06067549873478,"🔹[IP1a]GK Restart(quick, around, through, turnover)❌",0,,,,,,,,,,,,,,,,,,,,,,,,,,,,,,.
251220_Brighton_Sunderland_ANALYST,0.0,40.50703944772249,🔸[OP4]Low Block(RTriangle)❌⚠️,0,,,,,,,,,,,,,,,,,,,,,,,,,,,,,,.
251220_Brighton_Sunderland_ANALYST,0.0,15.220141426098053,🔸[OP4]Low Block(RTriangle)❌⚠️,0,,,,,,,,,,,,,,,,,,,,,,,,,,,,,,.
251220_Brighton_Sunderland_ANALYST,0.0,21.160200254122174,"🔸[OP4]Low Block(LTRiangle, cross)❌❌",0,,,,,,,,,,,,,,,,,,,,,,,,,,,,,,.
251220_Brighton_Sunderland_ANALYST,0.0,35.39208131398664,"🔹[IP1a]GK Restart(HBlock, 2nd ball)❌",0,,,,,,,,,,,,,,,,,,,,,,,,,,,,,,.
251220_Brighton_Sunderland_ANALYST,0.0,8.730059742220874,"🔹[OSP] Throw-in(L, DZ)❌",0,,,,,,,,,,,,,,,,,,,,,,,,,,,,,,.
251220_Brighton_Sunderland_ANALYST,0.0,30.93019692699363,"🔸[OP2]High Press(long, 2nd ball, foul)❌",0,,,,,,,,,,,,,,,,,,,,,,,,,,,,,,.
251220_Brighton_Sunderland_ANALYST,0.0,13.850077722759124,"🔸[DSP] Free kick(wide, first contact)✅",0,,,,,,,,,,,,,,,,,,,,,,,,,,,,,,.
251220_Brighton_Sunderland_ANALYST,0.0,15.490075590755623,"🔹[OSP] Throw-in(L, DZ, corner conceded)❌",0,,,,,,,,,,,,,,,,,,,,,,,,,,,,,,.
251220_Brighton_Sunderland_ANALYST,0.0,22.460148439900877,"🔸[DSP] Corner(L, 2nd ball)✅",0,,,,,In-swinger,,Pass,,Second Half,,,,"Cross, Corner taken, Long ball, Chipped",Brajan Gruda,,,,,,,,,Brighton and Hove Albion,,Center,,,,,.
251220_Brighton_Sunderland_ANALYST,0.0,11.050083830848962,"🔹[IP1a]GK Restart(quick, IB)❌",0,,,,,,,,,,,,,,,,,,,,,,,,,,,,,,.
251220_Brighton_Sunderland_ANALYST,0.0,20.930504081878098,"🔸[OP3b]Mid Block(LTriangle, through, shot)❌❌",0,,,,,,,,,,,,,,,,,,,,,,,,,,,,,,.
251220_Brighton_Sunderland_ANALYST,0.0,27.439939241914544,"🔸[OP4]Low Block(LSide, cross)✅",0,,,,,,,,,,,,,,,,,,,,,,,,,,,,,,.
251220_Brighton_Sunderland_ANALYST,0.0,15.10009753905888,"🔸🔹Offensive transition(counter-attack, quick turnover)❌",0,,,,,,,,,,,,,,,,,,,,,,,,,,,,,,.
251220_Brighton_Sunderland_ANALYST,0.0,12.93006431748745,"🔸[DSP] Corner(R, foul conceded)✅",0,,,,,In-swinger,,Pass,,Second Half,,,,"Cross, Corner taken, Long ball, Chipped",Ferdi Kadioglu,,,,,,,,,Brighton and Hove Albion,,Center,,,,,.
251220_Brighton_Sunderland_ANALYST,0.0,20.51402731193957,"🔹[IP1a]GK Restart(HBlock, 2nd ball, foul)❌",0,,,,,,,,,,,,,,,,,,,,,,,,,,,,,,.
251220_Brighton_Sunderland_ANALYST,0.0,23.410153023137354,"🔸[OP4]Low Block(RSide, intensity??, cross)🚧",0,,,,,,,,,,,,,,,,,,,,,,,,,,,,,,.
251220_Brighton_Sunderland_ANALYST,0.0,33.24061427429842,"🔹[IP1b]GK Restart(8"", around, spare man, turnover)❌",0,,,,,,,,,,,,,,,,,,,,,,,,,,,,,,.
251220_Brighton_Sunderland_ANALYST,0.0,22.234829428215562,🔸[DSP] Free kick(change the angle)✅,0,,,,,,,Pass,,Second Half,,,,"Free kick taken, Direct",Olivier Boscagli,,,,,,,,,Brighton and Hove Albion,,Left,,,,,.
251220_Brighton_Sunderland_ANALYST,0.0,9.550067055606632,"🔸[DSP] Throw-in(L, HZ, quick)❌⚠️",0,,,,,,,,,,,,,,,,,,,,,,,,,,,,,,.
251220_Brighton_Sunderland_ANALYST,0.0,19.670094180839442,"🔹[IP1a]GK Restart(HBlock, 2nd ball)❌",0,,,,,,,,,,,,,,,,,,,,,,,,,,,,,,.
251220_Brighton_Sunderland_ANALYST,0.0,27.094660209480935,🔸[OP2]High Press(good pressure)✅⭐️,0,,,,,,,,,,,,,,,,,,,,,,,,,,,,,,.
251220_Brighton_Sunderland_ANALYST,0.0,12.700086883191034,"🔹[OSP] Throw-in(L, long, foul)❌",0,,,,,,,,,,,,,,,,,,,,,,,,,,,,,,.
251220_Brighton_Sunderland_ANALYST,0.0,32.26178261566747,"🔸[OP4]Low Block(5-4-1, through, conter-attack)✅",0,,,,,,,,,,,,,,,,,,,,,,,,,,,,,,.
251220_Brighton_Sunderland_ANALYST,0.0,22.861184427906664,"🔸🔹Offensive transition(counter-attack, last choice)🚧",0,,,,,,,,,,,,,,,,,,,,,,,,,,,,,,.
251220_Brighton_Sunderland_ANALYST,0.0,81.38197189648417,🔹[IP3a]Progression(composure under pressure)🚧,0,,,,,,,,,,,,,,,,,,,,,,,,,,,,,,.
251220_Brighton_Sunderland_ANALYST,0.0,25.96761632624839,"🔸[DSP] Throw-in(R, DZ)✅",0,,,,,,,,,,,,,,,,,,,,,,,,,,,,,,.
251220_Brighton_Sunderland_ANALYST,0.0,25.47602552007811,🔸🔹Offensive transition(lack of composure!!)❌🔍,0,,,,,,,,,,,,,,,,,,,,,,,,,,,,,,.
251220_Brighton_Sunderland_ANALYST,0.0,15.400088380541092,"🔹[IP1b]GK Restart(8"", OS, long, inaccurate)❌",0,,,,,,,,,,,,,,,,,,,,,,,,,,,,,,.
251220_Brighton_Sunderland_ANALYST,0.0,15.42010945020138,🔸[OP4]Low Block(shot)🚧,0,,,,,,,,,,,,,,,,,,,,,,,,,,,,,,.
251220_Brighton_Sunderland_ANALYST,0.0,21.600132595339346,🔸[OP4]Low Block(shot)🚧,0,,,,,,,,,,,,,,,,,,,,,,,,,,,,,,.
251220_Brighton_Sunderland_ANALYST,0.0,18.340119810231954,"🔹[IP1b]GK Restart(8"", around, IB, turnover)❌",0,,,,,,,,,,,,,,,,,,,,,,,,,,,,,,.
251220_Brighton_Sunderland_ANALYST,0.0,19.86800501653488,"🔸🔹Offensive transition(counter-attack, composure)✅",0,,,,,,,,,,,,,,,,,,,,,,,,,,,,,,.